variant,kind,device,dtype,n_cond,n_target,dim,median_s,min_s,first_call_s,value,rss_mb,rss_delta_mb,dev_mem_mb,status
reference,reference,cpu,float32,1,250,2,0.0007400215000643584,0.0006832920000761078,0.009181166000189478,3.316561222076416,270.96875,17.640625,nan,ok
reference,reference,cpu,float64,1,250,2,0.0012492500000007567,0.0011559590000160824,0.0014909999999872525,3.3165610962421623,287.046875,33.71875,nan,ok
reference,reference,cpu,float32,8,250,2,0.0007756045000633094,0.000724416000139172,0.0008186669999759033,0.4653587341308594,287.046875,33.71875,nan,ok
reference,reference,cpu,float64,8,250,2,0.0012663330001032591,0.0012041669999689475,0.0013218330000199785,0.46535859220780695,289.59375,36.265625,nan,ok
reference,reference,cpu,float32,32,250,2,0.0009216454999432244,0.000860624999859283,0.0010414580001452123,0.1352066993713379,289.59375,36.265625,nan,ok
reference,reference,cpu,float64,32,250,2,0.0014457500000162327,0.001360666999971727,0.001446415999907913,0.13520679618036668,292.65625,39.328125,nan,ok
reference,reference,cpu,float32,1,250,768,0.0012661459999208091,0.001177708000113853,0.0014502090000405587,3.1359684467315674,292.65625,39.328125,nan,ok
reference,reference,cpu,float64,1,250,768,0.0028148125001052904,0.0025822909999533294,0.00281845900008193,3.1359701644748115,302.296875,48.96875,nan,ok
reference,reference,cpu,float32,8,250,768,0.0013533130000951132,0.0012892080001165596,0.001574291999986599,0.4009835720062256,302.296875,48.96875,nan,ok
reference,reference,cpu,float64,8,250,768,0.003003000000035172,0.002822250000008353,0.00291970900002525,0.40098362510055807,303.828125,50.5,nan,ok
reference,reference,cpu,float32,32,250,768,0.0016071874999852298,0.0014718750001065928,0.0018324170000596496,0.10640406608581543,303.828125,50.5,nan,ok
reference,reference,cpu,float64,32,250,768,0.0035499380001056124,0.003349749999870255,0.0033219580000150017,0.10640451238917281,309.9375,56.609375,nan,ok
stacked_mm,reference_like,cpu,float32,1,250,2,0.0007934579998618574,0.0007436670000515733,0.009100999999873238,3.316561222076416,274.59375,20.203125,nan,ok
stacked_mm,reference_like,cpu,float64,1,250,2,0.001290791499968691,0.0011812909999662224,0.0016641250001612207,3.3165610962421623,291.75,37.359375,nan,ok
stacked_mm,reference_like,cpu,float32,8,250,2,0.0008345629998984805,0.0007694999999330321,0.0009456249999857391,0.4653587341308594,291.75,37.359375,nan,ok
stacked_mm,reference_like,cpu,float64,8,250,2,0.0013248335000071165,0.0012675420000505255,0.001306041999896479,0.46535859220780695,294.3125,39.921875,nan,ok
stacked_mm,reference_like,cpu,float32,32,250,2,0.001004020500090519,0.0009337090000371973,0.0011228750001919252,0.1352066993713379,294.34375,39.953125,nan,ok
stacked_mm,reference_like,cpu,float64,32,250,2,0.0015351665000480352,0.001404749999892374,0.0015278749999652064,0.13520679618036668,297.421875,43.03125,nan,ok
stacked_mm,reference_like,cpu,float32,1,250,768,0.0012424789999840868,0.0011651670001810999,0.0014995829999406851,3.1359684467315674,297.421875,43.03125,nan,ok
stacked_mm,reference_like,cpu,float64,1,250,768,0.0024953335000645893,0.002273665999837249,0.0023819169998660072,3.1359701644748115,301.328125,46.9375,nan,ok
stacked_mm,reference_like,cpu,float32,8,250,768,0.0013167079999902853,0.0012445410000054835,0.0014598329998989357,0.4009835720062256,301.328125,46.9375,nan,ok
stacked_mm,reference_like,cpu,float64,8,250,768,0.002898770499996317,0.0026360839999597374,0.002831250000099317,0.40098362510055807,309.171875,54.78125,nan,ok
stacked_mm,reference_like,cpu,float32,32,250,768,0.00152881250005521,0.001478333000022758,0.0016440419999526057,0.10640406608581543,309.171875,54.78125,nan,ok
stacked_mm,reference_like,cpu,float64,32,250,768,0.0032748124999670836,0.003000084000177594,0.0031892499998775747,0.10640451238917281,316.9375,62.546875,nan,ok
stacked_powchain,reference_like,cpu,float32,1,250,2,0.0009014789999355344,0.000845791999836365,0.015030415999945035,3.316561222076416,269.796875,16.265625,nan,ok
stacked_powchain,reference_like,cpu,float64,1,250,2,0.0011022915000467037,0.0010695420000956801,0.0011547079998308618,3.3165610962421606,273.34375,19.8125,nan,ok
stacked_powchain,reference_like,cpu,float32,8,250,2,0.0008463130000109231,0.0008234580000134883,0.000874541000030149,0.4653587341308594,273.34375,19.8125,nan,ok
stacked_powchain,reference_like,cpu,float64,8,250,2,0.0010490624999874854,0.0010129580000466376,0.0011425420000250597,0.46535859220780695,274.984375,21.453125,nan,ok
stacked_powchain,reference_like,cpu,float32,32,250,2,0.0009104579999075213,0.0008802090001154284,0.001021209000100498,0.1352066993713379,275.0,21.46875,nan,ok
stacked_powchain,reference_like,cpu,float64,32,250,2,0.001122582999869337,0.0010659580000265123,0.0012082920000011654,0.13520679618036624,277.484375,23.953125,nan,ok
stacked_powchain,reference_like,cpu,float32,1,250,768,0.0014042079999398993,0.0012856250000368163,0.0013861670001915627,3.1359684467315674,282.078125,28.546875,nan,ok
stacked_powchain,reference_like,cpu,float64,1,250,768,0.0025349790000745998,0.002347125000142114,0.0025929579999228736,3.1359701644748115,301.515625,47.984375,nan,ok
stacked_powchain,reference_like,cpu,float32,8,250,768,0.0014602919999333608,0.0013151249997918057,0.0019263750000391155,0.4009835720062256,301.796875,48.265625,nan,ok
stacked_powchain,reference_like,cpu,float64,8,250,768,0.002706708499999877,0.0025778339997941657,0.00271120799993696,0.4009836251005585,304.90625,51.375,nan,ok
stacked_powchain,reference_like,cpu,float32,32,250,768,0.0015712289999783025,0.0013927089999015152,0.0015787919999183941,0.10640406608581543,304.90625,51.375,nan,ok
stacked_powchain,reference_like,cpu,float64,32,250,768,0.0030765000000201326,0.00294962500015572,0.003080833000012717,0.10640451238917281,309.921875,56.390625,nan,ok
fixed_cdist,fixed,cpu,float32,1,250,2,9.499999998752173e-05,9.362499986309558e-05,0.008161499999914668,3.316561222076416,266.609375,12.34375,nan,ok
fixed_cdist,fixed,cpu,float64,1,250,2,9.802099998523772e-05,9.679200002210564e-05,0.00018716700014920207,3.316561096242164,274.40625,20.140625,nan,ok
fixed_cdist,fixed,cpu,float32,8,250,2,0.00013158299998394796,0.00012295800001993484,0.00020495800004027842,0.4653587341308594,274.5,20.234375,nan,ok
fixed_cdist,fixed,cpu,float64,8,250,2,0.0001420829999005946,0.0001370830000269052,0.00016645799996695132,0.46535859220780695,277.0625,22.796875,nan,ok
fixed_cdist,fixed,cpu,float32,32,250,2,0.00027337550000083866,0.00026508299993110995,0.00033129200005532766,0.1352066993713379,277.359375,23.09375,nan,ok
fixed_cdist,fixed,cpu,float64,32,250,2,0.00033072949997858814,0.0002998340000885946,0.00037104099988027883,0.13520679618036535,279.765625,25.5,nan,ok
fixed_cdist,fixed,cpu,float32,1,250,768,0.0002232710000953375,0.00020937499994033715,0.000297791000093639,3.1359703540802,281.109375,26.84375,nan,ok
fixed_cdist,fixed,cpu,float64,1,250,768,0.00023808350010767754,0.00022041700003683218,0.000373707999870021,3.1359701644748146,285.5625,31.296875,nan,ok
fixed_cdist,fixed,cpu,float32,8,250,768,0.0003248124999117863,0.0002975830000195856,0.0003447080000569258,0.4009835720062256,285.5625,31.296875,nan,ok
fixed_cdist,fixed,cpu,float64,8,250,768,0.0005418334999376384,0.0004498749999584106,0.0007448750000094151,0.4009836251005583,287.046875,32.78125,nan,ok
fixed_cdist,fixed,cpu,float32,32,250,768,0.0005681665001020519,0.00048654199986231106,0.0006390830001237191,0.10640430450439453,287.109375,32.84375,nan,ok
fixed_cdist,fixed,cpu,float64,32,250,768,0.000796958000023551,0.0007234999998217972,0.00097758300012174,0.10640451238917303,289.5,35.234375,nan,ok
fixed_mm,fixed,cpu,float32,1,250,2,0.000100937999945927,9.94160000118427e-05,0.00806579100003546,3.316560983657837,265.125,10.421875,nan,ok
fixed_mm,fixed,cpu,float64,1,250,2,0.00010072899999613583,0.00010020800004895136,0.00017112499995164399,3.316561096242164,273.515625,18.8125,nan,ok
fixed_mm,fixed,cpu,float32,8,250,2,0.00013224949998402735,0.0001259169998775178,0.00021054200010439672,0.4653584957122803,273.59375,18.890625,nan,ok
fixed_mm,fixed,cpu,float64,8,250,2,0.00014585399992483872,0.00014183299981596065,0.0002207919999364094,0.46535859220780695,278.578125,23.875,nan,ok
fixed_mm,fixed,cpu,float32,32,250,2,0.00025879149995944317,0.0002480000000559812,0.00028958300003978366,0.1352066993713379,279.03125,24.328125,nan,ok
fixed_mm,fixed,cpu,float64,32,250,2,0.00030414599996220204,0.00028825000003962487,0.00035691599987330846,0.13520679618036624,279.125,24.421875,nan,ok
fixed_mm,fixed,cpu,float32,1,250,768,0.00011658300002181932,0.0001156250000349246,0.0001387079998949048,3.1359689235687256,280.390625,25.6875,nan,ok
fixed_mm,fixed,cpu,float64,1,250,768,0.0001192710001305386,0.00011887499999829743,0.00014570899998034292,3.1359701644748146,284.265625,29.5625,nan,ok
fixed_mm,fixed,cpu,float32,8,250,768,0.0001785829999789712,0.00015616699988640903,0.00022304100002656924,0.4009833335876465,286.953125,32.25,nan,ok
fixed_mm,fixed,cpu,float64,8,250,768,0.0002685005000557794,0.0002480000000559812,0.000349207999988721,0.4009836251005583,288.578125,33.875,nan,ok
fixed_mm,fixed,cpu,float32,32,250,768,0.0003259165001736619,0.0003058340000734461,0.00038695900002494454,0.10640430450439453,289.78125,35.078125,nan,ok
fixed_mm,fixed,cpu,float64,32,250,768,0.0004354999998668063,0.0004065829998580739,0.0005238749999989523,0.10640451238917303,289.8125,35.109375,nan,ok
fixed_mm_loop,fixed,cpu,float32,1,250,2,0.00016350000009879295,0.00016162500014615944,0.008271749999948952,3.316560983657837,266.84375,11.578125,nan,ok
fixed_mm_loop,fixed,cpu,float64,1,250,2,0.00016864600002008956,0.00016733400002522103,0.00023837499998080602,3.316561096242164,274.71875,19.453125,nan,ok
fixed_mm_loop,fixed,cpu,float32,8,250,2,0.00017281199995977659,0.00017137500003627792,0.00028770799985977646,0.4653584957122803,274.828125,19.5625,nan,ok
fixed_mm_loop,fixed,cpu,float64,8,250,2,0.00020635399994262116,0.0002052920001460734,0.00025179199997182877,0.46535859220780695,275.609375,20.34375,nan,ok
fixed_mm_loop,fixed,cpu,float32,32,250,2,0.00028562499994677637,0.00027825000006487244,0.00033616700011407374,0.1352066993713379,276.4375,21.171875,nan,ok
fixed_mm_loop,fixed,cpu,float64,32,250,2,0.00036464549987158534,0.00034779099996740115,0.0004133750001074077,0.13520679618036624,278.90625,23.640625,nan,ok
fixed_mm_loop,fixed,cpu,float32,1,250,768,0.0001760415000262583,0.00017516699995212548,0.00020216699999764387,3.1359689235687256,279.0,23.734375,nan,ok
fixed_mm_loop,fixed,cpu,float64,1,250,768,0.00018514550004056218,0.0001844999999320862,0.00024091599993880664,3.1359701644748146,284.375,29.109375,nan,ok
fixed_mm_loop,fixed,cpu,float32,8,250,768,0.0002336874999855354,0.00020562500003507012,0.0003069999997933337,0.4009833335876465,284.375,29.109375,nan,ok
fixed_mm_loop,fixed,cpu,float64,8,250,768,0.0003434375000779255,0.0003421660001095006,0.00039995900010580954,0.4009836251005583,285.90625,30.640625,nan,ok
fixed_mm_loop,fixed,cpu,float32,32,250,768,0.0003574170001456878,0.00031675000013819954,0.00040229199998975673,0.10640430450439453,285.9375,30.671875,nan,ok
fixed_mm_loop,fixed,cpu,float64,32,250,768,0.0005200834999641302,0.00048575000005257607,0.0005602080000244314,0.10640451238917303,288.328125,33.0625,nan,ok
fixed_mm_powchain,fixed,cpu,float32,1,250,2,0.00013622899996335036,0.0001341669999419537,0.00814358299999185,3.316560983657837,264.796875,10.609375,nan,ok
fixed_mm_powchain,fixed,cpu,float64,1,250,2,0.0001359374998628482,0.00013400000011642987,0.00023933300008138758,3.316561096242164,273.734375,19.546875,nan,ok
fixed_mm_powchain,fixed,cpu,float32,8,250,2,0.00014681250002013257,0.0001448750001600274,0.00025500000015199475,0.4653584957122803,273.890625,19.703125,nan,ok
fixed_mm_powchain,fixed,cpu,float64,8,250,2,0.00015668799994728033,0.0001556249999339343,0.0001972919999388978,0.46535859220780695,278.84375,24.65625,nan,ok
fixed_mm_powchain,fixed,cpu,float32,32,250,2,0.00020039549997363792,0.00019387500015000114,0.0002376669999648584,0.1352064609527588,279.640625,25.453125,nan,ok
fixed_mm_powchain,fixed,cpu,float64,32,250,2,0.00023860399994646286,0.00022841699978926044,0.0002680420000160666,0.13520679618036624,279.671875,25.484375,nan,ok
fixed_mm_powchain,fixed,cpu,float32,1,250,768,0.00014785450002818834,0.00014691599994876015,0.0001676250001310109,3.1359684467315674,279.734375,25.546875,nan,ok
fixed_mm_powchain,fixed,cpu,float64,1,250,768,0.00015118700002858532,0.0001500840000971948,0.00020445800009838422,3.1359701644748146,283.625,29.4375,nan,ok
fixed_mm_powchain,fixed,cpu,float32,8,250,768,0.00019547949989373592,0.00017529199999444245,0.0002563749999353604,0.4009833335876465,286.578125,32.390625,nan,ok
fixed_mm_powchain,fixed,cpu,float64,8,250,768,0.00027910400001474045,0.0002746250002019224,0.0003495840001050965,0.40098362510055785,288.0625,33.875,nan,ok
fixed_mm_powchain,fixed,cpu,float32,32,250,768,0.0002692084999580402,0.00024858300002961187,0.00031608300014340784,0.10640430450439453,288.0625,33.875,nan,ok
fixed_mm_powchain,fixed,cpu,float64,32,250,768,0.0004224580001164213,0.00036212500003784953,0.0004150419999859878,0.10640451238917303,288.0625,33.875,nan,ok
fixed_mm_chunked256,fixed,cpu,float32,1,250,2,0.00011735449993466318,0.0001150829998550762,0.008400082999969527,3.316560983657837,265.484375,10.6875,nan,ok
fixed_mm_chunked256,fixed,cpu,float64,1,250,2,0.00011870850005379907,0.00011695800003508339,0.00023845900000196707,3.316561096242164,273.84375,19.046875,nan,ok
fixed_mm_chunked256,fixed,cpu,float32,8,250,2,0.0001283960000364459,0.00012683299996751884,0.0002331250000224827,0.4653584957122803,275.1875,20.390625,nan,ok
fixed_mm_chunked256,fixed,cpu,float64,8,250,2,0.00015039549998618895,0.00014950000013413955,0.00017970800013245025,0.46535859220780695,280.109375,25.3125,nan,ok
fixed_mm_chunked256,fixed,cpu,float32,32,250,2,0.00024618750001081935,0.0002414170000974991,0.00031300000000555883,0.1352066993713379,280.65625,25.859375,nan,ok
fixed_mm_chunked256,fixed,cpu,float64,32,250,2,0.0002913540000690773,0.00027608300001702446,0.0003708750000441796,0.13520679618036535,280.71875,25.921875,nan,ok
fixed_mm_chunked256,fixed,cpu,float32,1,250,768,0.0001284585000576044,0.00012720800009446975,0.00015325000003940659,3.1359691619873047,280.765625,25.96875,nan,ok
fixed_mm_chunked256,fixed,cpu,float64,1,250,768,0.00013385400006882264,0.0001323339999999007,0.00020133299994995468,3.1359701644748146,285.578125,30.78125,nan,ok
fixed_mm_chunked256,fixed,cpu,float32,8,250,768,0.0001835414999504792,0.00016154199988704931,0.0002474159998655523,0.4009838104248047,285.578125,30.78125,nan,ok
fixed_mm_chunked256,fixed,cpu,float64,8,250,768,0.0002775839999458185,0.00027399999999033753,0.00032399999986409966,0.40098362510055874,287.140625,32.34375,nan,ok
fixed_mm_chunked256,fixed,cpu,float32,32,250,768,0.00033139599997866753,0.00029170799984967744,0.00038712500008841744,0.10640478134155273,287.140625,32.34375,nan,ok
fixed_mm_chunked256,fixed,cpu,float64,32,250,768,0.0004914789999475033,0.00045716699992226495,0.0006229169998732687,0.10640451238917348,289.53125,34.734375,nan,ok
fixed_mm_adaptive,fixed_adaptive,cpu,float32,1,250,2,0.0005770830000528804,0.0005262500001208537,0.009707457999866165,3.314120054244995,272.296875,19.015625,nan,ok
fixed_mm_adaptive,fixed_adaptive,cpu,float64,1,250,2,0.0011275834999651124,0.0010531249999985448,0.0015579580001485738,3.3141192658889578,294.171875,40.890625,nan,ok
fixed_mm_adaptive,fixed_adaptive,cpu,float32,8,250,2,0.0006424375000051441,0.0005757500000527216,0.0007453749999513093,0.4601118564605713,294.234375,40.953125,nan,ok
fixed_mm_adaptive,fixed_adaptive,cpu,float64,8,250,2,0.0011613545000273007,0.0010867500000131258,0.001194999999825086,0.46011128694941217,294.40625,41.125,nan,ok
fixed_mm_adaptive,fixed_adaptive,cpu,float32,32,250,2,0.0008364169999595106,0.0007499590001316392,0.0009473749998960557,0.13308358192443848,294.8125,41.53125,nan,ok
fixed_mm_adaptive,fixed_adaptive,cpu,float64,32,250,2,0.0015131669999846054,0.0014315000000806322,0.0015627089999270538,0.13308372007782632,297.234375,43.953125,nan,ok
fixed_mm_adaptive,fixed_adaptive,cpu,float32,1,250,768,0.0005825204999609923,0.0005259170000044833,0.0006452079999235139,3.135843276977539,297.296875,44.015625,nan,ok
fixed_mm_adaptive,fixed_adaptive,cpu,float64,1,250,768,0.0011605209999743238,0.0011033329999463604,0.0013720829999783746,3.1358445764700296,299.71875,46.4375,nan,ok
fixed_mm_adaptive,fixed_adaptive,cpu,float32,8,250,768,0.0006895630000371966,0.0006222080000952701,0.0008470840000427415,0.400943398475647,299.78125,46.5,nan,ok
fixed_mm_adaptive,fixed_adaptive,cpu,float64,8,250,768,0.0014094169999907535,0.0012853749999521824,0.001544666999961919,0.400943429403531,299.78125,46.5,nan,ok
fixed_mm_adaptive,fixed_adaptive,cpu,float32,32,250,768,0.000929020500052502,0.0008561250001548615,0.0010612089999995078,0.10645782947540283,299.78125,46.5,nan,ok
fixed_mm_adaptive,fixed_adaptive,cpu,float64,32,250,768,0.001787187499871834,0.0016780830001152935,0.0018592500000522705,0.10645772228329142,299.78125,46.5,nan,ok
reference_adaptive,reference_adaptive,cpu,float32,1,250,2,0.0009278750001158187,0.0008669999999710853,0.0095338339999671,3.3141191005706787,275.046875,21.28125,nan,ok
reference_adaptive,reference_adaptive,cpu,float64,1,250,2,0.0016548545000887316,0.001547374999972817,0.0017431670000860322,3.314119265888955,294.421875,40.65625,nan,ok
reference_adaptive,reference_adaptive,cpu,float32,8,250,2,0.0010039789999609638,0.0009516249999705906,0.0011562919999050791,0.4601116180419922,294.421875,40.65625,nan,ok
reference_adaptive,reference_adaptive,cpu,float64,8,250,2,0.0017953749999151114,0.0016992500000014843,0.0020059169999058213,0.4601112869494144,300.0625,46.296875,nan,ok
reference_adaptive,reference_adaptive,cpu,float32,32,250,2,0.0012756665000779321,0.001157374999820604,0.0015103330001693394,0.13308358192443848,300.0625,46.296875,nan,ok
reference_adaptive,reference_adaptive,cpu,float64,32,250,2,0.0021219164999592977,0.0019271669998488505,0.0022319169997899735,0.13308372007782499,306.203125,52.4375,nan,ok
reference_adaptive,reference_adaptive,cpu,float32,1,250,768,0.001514165999992656,0.0014134579998881236,0.0016043330001593858,3.135842800140381,306.203125,52.4375,nan,ok
reference_adaptive,reference_adaptive,cpu,float64,1,250,768,0.003217229000142652,0.003084417000081885,0.004117833000009341,3.1358445764700265,313.421875,59.65625,nan,ok
reference_adaptive,reference_adaptive,cpu,float32,8,250,768,0.0016299374999562133,0.001533667000103378,0.0017685840000467579,0.40094316005706787,313.421875,59.65625,nan,ok
reference_adaptive,reference_adaptive,cpu,float64,8,250,768,0.0035795619999134942,0.003460291999999754,0.003415166999957364,0.40094342940353145,313.421875,59.65625,nan,ok
reference_adaptive,reference_adaptive,cpu,float32,32,250,768,0.0019085834999259532,0.0018311670000912272,0.002048167000111789,0.10645830631256104,313.421875,59.65625,nan,ok
reference_adaptive,reference_adaptive,cpu,float64,32,250,768,0.00409660449997773,0.0038671249999424617,0.004180334000011499,0.10645772228329098,319.59375,65.828125,nan,ok
batched_fixed_mm_B3,batched,cpu,float32,1,250,2,0.0001504164999914792,0.0001445000000330765,0.009166416999960347,11.105609893798828,265.390625,10.71875,nan,ok
batched_fixed_mm_B3,batched,cpu,float64,1,250,2,0.00014541599989570386,0.00014108400000623078,0.0002096250000249711,11.105611070510134,274.34375,19.671875,nan,ok
batched_fixed_mm_B3,batched,cpu,float32,8,250,2,0.00018366649999279616,0.0001753750000261789,0.00021662499989361095,1.181528091430664,274.515625,19.84375,nan,ok
batched_fixed_mm_B3,batched,cpu,float64,8,250,2,0.00023324999995111284,0.00021612499995171675,0.0002758329999323905,1.1815280226880778,276.921875,22.25,nan,ok
batched_fixed_mm_B3,batched,cpu,float32,32,250,2,0.00039202050004405464,0.0003580410000267875,0.00041737500009730866,0.2993593215942383,276.96875,22.296875,nan,ok
batched_fixed_mm_B3,batched,cpu,float64,32,250,2,0.0004948125000510117,0.0004732910001621349,0.0005678340000940807,0.2993594226760763,277.140625,22.46875,nan,ok
batched_fixed_mm_B3,batched,cpu,float32,1,250,768,0.00017218800007867685,0.00016875000005711627,0.00019150000002809975,9.325419425964355,277.203125,22.53125,nan,ok
batched_fixed_mm_B3,batched,cpu,float64,1,250,768,0.0001801669999395017,0.00017512499994154496,0.00023033299999042356,9.325420566060147,283.484375,28.8125,nan,ok
batched_fixed_mm_B3,batched,cpu,float32,8,250,768,0.0003004789999749846,0.0002654999998412677,0.0003529589998834126,1.191786766052246,283.53125,28.859375,nan,ok
batched_fixed_mm_B3,batched,cpu,float64,8,250,768,0.0005833335000033912,0.0005380420000165032,0.0006749579999905109,1.1917869482322627,289.125,34.453125,nan,ok
batched_fixed_mm_B3,batched,cpu,float32,32,250,768,0.0006193959999336585,0.000582666999889625,0.000714249999873573,0.32587385177612305,289.125,34.453125,nan,ok
batched_fixed_mm_B3,batched,cpu,float64,32,250,768,0.0010224375000689179,0.0009444580000490532,0.001189542000020083,0.3258742919728064,291.546875,36.875,nan,ok
batched_reference_B3,batched_reference,cpu,float32,1,250,2,0.002130833000023813,0.0020623330001399154,0.010843999999906373,11.105611801147461,276.875,22.609375,nan,ok
batched_reference_B3,batched_reference,cpu,float64,1,250,2,0.0037311669999553487,0.0034953750000568107,0.004036083000073631,11.105611070510134,301.921875,47.65625,nan,ok
batched_reference_B3,batched_reference,cpu,float32,8,250,2,0.0023466245000918207,0.0022414170000502054,0.002653291999877183,1.1815288066864014,301.921875,47.65625,nan,ok
batched_reference_B3,batched_reference,cpu,float64,8,250,2,0.003967521000049601,0.0038326249998590356,0.0039607080000223505,1.1815280226880782,307.046875,52.78125,nan,ok
batched_reference_B3,batched_reference,cpu,float32,32,250,2,0.002952500500100541,0.002843624999968597,0.004233249999970212,0.2993593215942383,307.0625,52.796875,nan,ok
batched_reference_B3,batched_reference,cpu,float64,32,250,2,0.004583186999980171,0.004308667000032074,0.004541917000096873,0.29935942267607674,313.171875,58.90625,nan,ok
batched_reference_B3,batched_reference,cpu,float32,1,250,768,0.0040859169999976075,0.0038882500000454456,0.003993709000042145,9.325418472290039,313.234375,58.96875,nan,ok
batched_reference_B3,batched_reference,cpu,float64,1,250,768,0.008367020500031686,0.008090999999922133,0.008532709000064642,9.325420566060146,318.71875,64.453125,nan,ok
batched_reference_B3,batched_reference,cpu,float32,8,250,768,0.004381500000022243,0.004081457999973281,0.0043557090000376775,1.191786766052246,318.71875,64.453125,nan,ok
batched_reference_B3,batched_reference,cpu,float64,8,250,768,0.009433291999926041,0.009121249999907377,0.009006957999872611,1.1917869482322625,329.421875,75.15625,nan,ok
batched_reference_B3,batched_reference,cpu,float32,32,250,768,0.005301708000047256,0.004982541999879686,0.00554575000001023,0.32587432861328125,329.421875,75.15625,nan,ok
batched_reference_B3,batched_reference,cpu,float64,32,250,768,0.011025395499927981,0.010151082999982464,0.010835709000048155,0.3258742919728057,346.40625,92.140625,nan,ok
reference,reference,cuda,float32,1,100,1,0.0006397174438461661,0.0006238680798560381,1.9044512622058392,2.0376431941986084,1253.0390625,530.4765625,16.9150390625,ok
reference,reference,cuda,float64,1,100,1,0.0006391770439222455,0.0006234380416572094,0.29966825991868973,2.0376430351117714,1291.15625,568.59375,17.5771484375,ok
reference,reference,cuda,float32,4,100,1,0.0006363369757309556,0.0006246401462703943,0.0007536818739026785,0.3570058345794678,1291.15625,568.59375,16.955078125,ok
reference,reference,cuda,float64,4,100,1,0.0006363174179568887,0.0006226371042430401,0.0007308181375265121,0.357005741524397,1291.15625,568.59375,17.65625,ok
reference,reference,cuda,float32,8,100,1,0.0006343949353322387,0.0006203041411936283,0.0007203631103038788,0.045539140701293945,1291.15625,568.59375,17.01025390625,ok
reference,reference,cuda,float64,8,100,1,0.0006333674537017941,0.0006224769167602062,0.0006790419574826956,0.045538795343057714,1291.15625,568.59375,17.76806640625,ok
reference,reference,cuda,float32,16,100,1,0.0006355709629133344,0.0006221858784556389,0.0007122410461306572,0.2781093120574951,1291.15625,568.59375,17.12646484375,ok
reference,reference,cuda,float64,16,100,1,0.0006351609481498599,0.0006257419008761644,0.0006733830086886883,0.27810919418358404,1291.15625,568.59375,18.00048828125,ok
reference,reference,cuda,float32,32,100,1,0.0006439789431169629,0.0006285859271883965,0.019285433925688267,0.13926410675048828,1291.15625,568.59375,17.38427734375,ok
reference,reference,cuda,float64,32,100,1,0.0006450159708037972,0.0006332928314805031,0.0011210590600967407,0.1392639574948933,1291.65625,569.09375,18.515625,ok
reference,reference,cuda,float32,1,100,2,0.0006437485571950674,0.0006275041960179806,0.0007576681673526764,1.7986280918121338,1291.65625,569.09375,16.916015625,ok
reference,reference,cuda,float64,1,100,2,0.0006488759536296129,0.000637077959254384,0.0008010829333215952,1.7986277611753723,1291.65625,569.09375,17.5791015625,ok
reference,reference,cuda,float32,4,100,2,0.0006444745231419802,0.000632602022960782,0.0006878438871353865,0.6644935607910156,1291.65625,569.09375,16.9560546875,ok
reference,reference,cuda,float64,4,100,2,0.0006533574778586626,0.0006420859135687351,0.0006860420107841492,0.6644934227970571,1291.65625,569.09375,17.658203125,ok
reference,reference,cuda,float32,8,100,2,0.0006440089782699943,0.0006296669598668814,0.0006759159732609987,0.4093151092529297,1291.65625,569.09375,17.01123046875,ok
reference,reference,cuda,float64,8,100,2,0.0006548005621880293,0.0006414649542421103,0.0006857109256088734,0.40931500084879424,1291.65625,569.09375,17.77001953125,ok
reference,reference,cuda,float32,16,100,2,0.0006453960668295622,0.000632110983133316,0.0006947240326553583,0.21517014503479004,1291.65625,569.09375,17.12744140625,ok
reference,reference,cuda,float64,16,100,2,0.0006656809709966183,0.000654194038361311,0.0007021250203251839,0.21517019933053216,1291.65625,569.09375,18.00244140625,ok
reference,reference,cuda,float32,32,100,2,0.0006447599735110998,0.0006320211105048656,0.0006928520742803812,0.13151788711547852,1291.65625,569.09375,17.38525390625,ok
reference,reference,cuda,float64,32,100,2,0.000669547007419169,0.0006585109513252974,0.0007428659591823816,0.1315174799750798,1291.65625,569.09375,18.517578125,ok
reference,reference,cuda,float32,100,100,1,0.0006370334886014462,0.0006259619258344173,0.0007886940147727728,0.023517131805419922,1291.65625,569.09375,18.84814453125,ok
reference,reference,cuda,float64,100,100,1,0.0006376844830811024,0.000624178908765316,0.0010725569445639849,0.023517210801413668,1291.65625,569.09375,22.14111328125,ok
reference,reference,cuda,float32,1,250,1,0.0006375140510499477,0.0006245099939405918,0.0006970781832933426,6.157979965209961,1291.65625,569.09375,20.48486328125,ok
reference,reference,cuda,float64,1,250,1,0.0006370185874402523,0.0006236189510673285,0.0007208629976958036,6.157979615575565,1291.65625,569.09375,24.42724609375,ok
reference,reference,cuda,float32,4,250,1,0.0006380550330504775,0.0006265330594033003,0.0006771679036319256,0.5367014408111572,1291.65625,569.09375,20.49658203125,ok
reference,reference,cuda,float64,4,250,1,0.0006379594560712576,0.0006241090595722198,0.0007742131128907204,0.5367018165496731,1291.65625,569.09375,24.625,ok
reference,reference,cuda,float32,8,250,1,0.0006377495592460036,0.0006266129203140736,0.0007451989222317934,0.17213177680969238,1291.65625,569.09375,20.57275390625,ok
reference,reference,cuda,float64,8,250,1,0.0006406740285456181,0.0006312800105661154,0.0006765469443053007,0.17213176323769952,1291.65625,569.09375,24.89111328125,ok
reference,reference,cuda,float32,16,250,1,0.0006424764869734645,0.0006296581123024225,0.0006811139173805714,0.1644303798675537,1291.65625,569.09375,20.8427734375,ok
reference,reference,cuda,float64,16,250,1,0.00063932198099792,0.0006294769700616598,0.0006865730974823236,0.1644306628156853,1291.65625,569.09375,25.43359375,ok
reference,reference,cuda,float32,32,250,1,0.000639391946606338,0.0006298278458416462,0.0006942530162632465,0.04421591758728027,1291.65625,569.09375,22.12841796875,ok
reference,reference,cuda,float64,32,250,1,0.0006392569048330188,0.0006274241022765636,0.0006879540160298347,0.044216544382689627,1291.65625,569.09375,27.287109375,ok
reference,reference,cuda,float32,100,100,2,0.0006451255176216364,0.0006337228696793318,0.0006890059448778629,0.0515751838684082,1291.65625,569.09375,18.85009765625,ok
reference,reference,cuda,float64,100,100,2,0.0007125509437173605,0.0007013841532170773,0.0007591999601572752,0.05157494938953988,1291.65625,569.09375,22.14453125,ok
reference,reference,cuda,float32,1,100,10,0.0006460425211116672,0.0006311601027846336,0.000680573983117938,2.838141441345215,1291.65625,569.09375,16.921875,ok
reference,reference,cuda,float64,1,100,10,0.0006510140374302864,0.0006409441120922565,0.000685820821672678,2.8381416220159346,1291.65625,569.09375,17.5908203125,ok
reference,reference,cuda,float32,4,100,10,0.0006432075751945376,0.0006303389091044664,0.0007019450422376394,0.7886531352996826,1291.65625,569.09375,16.96240234375,ok
reference,reference,cuda,float64,4,100,10,0.0006560115143656731,0.0006465429905802011,0.0006910690572112799,0.7886530540465091,1291.65625,569.09375,17.67041015625,ok
reference,reference,cuda,float32,8,100,10,0.0006468729116022587,0.0006327820010483265,0.0006939531303942204,0.4830918312072754,1291.65625,569.09375,17.017578125,ok
reference,reference,cuda,float64,8,100,10,0.0006547700613737106,0.0006409338675439358,0.0006877039559185505,0.48309188002154135,1291.65625,569.09375,17.78271484375,ok
reference,reference,cuda,float32,100,250,1,0.000642861588858068,0.0006302481051534414,0.0007056312169879675,0.013132810592651367,1291.65625,569.09375,24.2001953125,ok
reference,reference,cuda,float64,100,250,1,0.0006390265189111233,0.000628405949100852,0.0010481709614396095,0.013133135432807475,1291.65625,569.09375,32.14697265625,ok
reference,reference,cuda,float32,1,250,2,0.0006478794384747744,0.000632371986284852,0.0010801278986036777,3.316560745239258,1292.66015625,570.09765625,20.48681640625,ok
reference,reference,cuda,float64,1,250,2,0.0007493060547858477,0.0007345129270106554,0.0007808329537510872,3.3165610962421646,1292.66015625,570.09765625,24.43115234375,ok
reference,reference,cuda,float32,4,250,2,0.0006505640922114253,0.0006394330412149429,0.0007062118966132402,1.087282657623291,1292.66015625,570.09765625,20.49853515625,ok
reference,reference,cuda,float64,4,250,2,0.0007373580010607839,0.0007271321956068277,0.000777518143877387,1.0872828958896674,1292.66015625,570.09765625,24.62890625,ok
reference,reference,cuda,float32,8,250,2,0.0006503890035673976,0.0006417850963771343,0.000705379992723465,0.4653589725494385,1292.66015625,570.09765625,20.57470703125,ok
reference,reference,cuda,float64,8,250,2,0.0007467725081369281,0.0007398221641778946,0.0007864108774811029,0.4653585922078065,1292.66015625,570.09765625,24.89501953125,ok
reference,reference,cuda,float32,16,100,10,0.0006464475300163031,0.0006351659540086985,0.00070429896004498,0.23735713958740234,1293.16015625,570.59765625,17.134765625,ok
reference,reference,cuda,float64,16,100,10,0.0006660720100626349,0.0006606138776987791,0.0007012940477579832,0.23735710540230714,1293.16015625,570.59765625,18.0166015625,ok
reference,reference,cuda,float32,16,250,2,0.0006520010065287352,0.0006404940504580736,0.0007235370576381683,0.3192439079284668,1293.16015625,570.59765625,20.8447265625,ok
reference,reference,cuda,float64,16,250,2,0.0007470524869859219,0.0007378580048680305,0.0007763258181512356,0.31924413197601265,1293.16015625,570.59765625,25.4375,ok
reference,reference,cuda,float32,32,250,2,0.0006530521204695106,0.0006376989185810089,0.0007019650656729937,0.1352066993713379,1293.16015625,570.59765625,22.13037109375,ok
reference,reference,cuda,float64,32,250,2,0.0006517050787806511,0.0006366570014506578,0.047456108033657074,0.1352067961803658,1294.21484375,571.65234375,27.291015625,ok
reference,reference,cuda,float32,32,100,10,0.0006484404439106584,0.0006360572297126055,0.0007122799288481474,0.11553168296813965,1294.21484375,571.65234375,17.39306640625,ok
reference,reference,cuda,float64,32,100,10,0.0006688110297545791,0.0006614448502659798,0.0007089260034263134,0.11553161862834438,1294.21484375,571.65234375,18.533203125,ok
reference,reference,cuda,float32,100,250,2,0.0006496774731203914,0.0006392120849341154,0.0007027860265225172,0.030039310455322266,1294.21484375,571.65234375,24.203125,ok
reference,reference,cuda,float64,100,250,2,0.0006510396488010883,0.0006387908942997456,0.0007191200274974108,0.030039659260520324,1294.21484375,571.65234375,32.15234375,ok
reference,reference,cuda,float32,100,100,10,0.0006435079267248511,0.0006314399652183056,0.0007015850860625505,0.043083906173706055,1294.21484375,571.65234375,18.86181640625,ok
reference,reference,cuda,float64,100,100,10,0.0007106129778549075,0.000696966890245676,0.0007385001517832279,0.04308409900639276,1294.21484375,571.65234375,22.16845703125,ok
reference,reference,cuda,float32,1,250,10,0.0006501530297100544,0.0006397620309144258,0.0006972979754209518,4.038843154907227,1294.21484375,571.65234375,20.50244140625,ok
reference,reference,cuda,float64,1,250,10,0.0007496309699490666,0.0007417239248752594,0.0007882940117269754,4.038843504800978,1294.21484375,571.65234375,24.46240234375,ok
reference,reference,cuda,float32,4,250,10,0.0006478194845840335,0.0006354260258376598,0.0007137330248951912,0.758033275604248,1294.21484375,571.65234375,20.51416015625,ok
reference,reference,cuda,float64,4,250,10,0.0007397064473479986,0.0007305080071091652,0.0007696258835494518,0.7580334950883554,1294.21484375,571.65234375,24.66015625,ok
reference,reference,cuda,float32,8,250,10,0.0006515205604955554,0.000639893114566803,0.0007131020538508892,0.5162122249603271,1294.21484375,571.65234375,20.59033203125,ok
reference,reference,cuda,float64,8,250,10,0.0007450145203620195,0.0007357459980994463,0.0007816839497536421,0.5162125402658986,1294.21484375,571.65234375,24.9267578125,ok
reference,reference,cuda,float32,16,250,10,0.0006536028813570738,0.0006408239714801311,0.0007062810473144054,0.2604999542236328,1294.21484375,571.65234375,20.86083984375,ok
reference,reference,cuda,float64,16,250,10,0.0007494204910472035,0.0007410729303956032,0.0007882039062678814,0.2605003293646271,1294.21484375,571.65234375,25.47021484375,ok
reference,reference,cuda,float32,32,250,10,0.0006526163779199123,0.000640403013676405,0.0007005631923675537,0.15153241157531738,1294.21484375,571.65234375,22.14794921875,ok
reference,reference,cuda,float64,32,250,10,0.0006548699457198381,0.0006434679962694645,0.0007121500093489885,0.15153257743763993,1294.21484375,571.65234375,27.326171875,ok
reference,reference,cuda,float32,100,250,10,0.0006511044921353459,0.0006406439933925867,0.0007069229613989592,0.0485532283782959,1294.21484375,571.65234375,24.224609375,ok
reference,reference,cuda,float64,100,250,10,0.0006510094972327352,0.0006387310568243265,0.0007004030048847198,0.04855318616680204,1294.21484375,571.65234375,32.1953125,ok
reference,reference,cuda,float32,1,2000,1,0.0057953185169026256,0.005770521936938167,0.005759336054325104,1.0326149463653564,1294.21484375,571.65234375,276.6533203125,ok
reference,reference,cuda,float64,1,2000,1,0.014932147460058331,0.01491458690725267,0.015026572858914733,1.0326145723052824,1296.76953125,574.20703125,535.6015625,ok
reference,reference,cuda,float32,4,2000,1,0.0058170161210000515,0.0057918529491871595,0.005721569061279297,0.7472975254058838,1296.76953125,574.20703125,277.38623046875,ok
reference,reference,cuda,float64,4,2000,1,0.015039737452752888,0.014948577154427767,0.015027875080704689,0.74729723446795,1296.76953125,574.20703125,539.56298828125,ok
reference,reference,cuda,float32,8,2000,1,0.005827085464261472,0.005805514054372907,0.005730882054194808,0.38326072692871094,1296.76953125,574.20703125,278.36572265625,ok
reference,reference,cuda,float64,8,2000,1,0.014974290505051613,0.014933845028281212,0.015125430887565017,0.38326104978164066,1296.76953125,574.20703125,539.80712890625,ok
reference,reference,cuda,float32,16,2000,1,0.005868782987818122,0.00585519801825285,0.005792855052277446,0.09622430801391602,1296.76953125,574.20703125,281.77099609375,ok
reference,reference,cuda,float64,16,2000,1,0.015098831499926746,0.01502442010678351,0.015263105975463986,0.09622459358374291,1296.76953125,574.20703125,546.29833984375,ok
reference,reference,cuda,float32,32,2000,1,0.006048901006579399,0.006029587937518954,0.005922107025980949,0.026253938674926758,1296.76953125,574.20703125,284.28271484375,ok
reference,reference,cuda,float64,32,2000,1,0.015327701577916741,0.015294322045519948,0.015407209983095527,0.026254337816480344,1296.76953125,574.20703125,553.28662109375,ok
reference,reference,cuda,float32,100,2000,1,0.006754211499355733,0.0067355690989643335,0.006612746044993401,0.02313852310180664,1296.76953125,574.20703125,302.2568359375,ok
reference,reference,cuda,float64,100,2000,1,0.016652148449793458,0.016558272996917367,0.016742256935685873,0.02313811798306853,1296.76953125,574.20703125,588.26123046875,ok
reference,reference,cuda,float32,1,100,768,0.0006457519484683871,0.0006332530174404383,0.0009292038157582283,3.1106719970703125,1297.26953125,574.70703125,18.73681640625,ok
reference,reference,cuda,float64,1,100,768,0.000787947908975184,0.000776275061070919,0.003530526999384165,3.110672823155628,1297.76953125,575.20703125,21.22216796875,ok
reference,reference,cuda,float32,1,2000,2,0.005784122622571886,0.005766927031800151,0.005717403022572398,1.6616742610931396,1297.76953125,575.20703125,276.6689453125,ok
reference,reference,cuda,float64,1,2000,2,0.017209238023497164,0.01714934385381639,0.017463441006839275,1.661674052330373,1298.26953125,575.70703125,535.6318359375,ok
reference,reference,cuda,float32,4,2000,2,0.005819009616971016,0.005802700063213706,0.005738212959840894,0.22941899299621582,1298.26953125,575.70703125,277.40185546875,ok
reference,reference,cuda,float64,4,2000,2,0.01721500710118562,0.017184927128255367,0.017317464109510183,0.22941924691461768,1298.26953125,575.70703125,539.59326171875,ok
reference,reference,cuda,float32,8,2000,2,0.005825253552757204,0.005811762996017933,0.005748289171606302,0.39748692512512207,1298.26953125,575.70703125,278.38134765625,ok
reference,reference,cuda,float64,8,2000,2,0.017237435444258153,0.017189033096656203,0.017347448971122503,0.39748686754073015,1298.26953125,575.70703125,539.83740234375,ok
reference,reference,cuda,float32,16,2000,2,0.0058768505696207285,0.005860575009137392,0.005821828963235021,0.27060723304748535,1298.26953125,575.70703125,281.78662109375,ok
reference,reference,cuda,float64,16,2000,2,0.017294515040703118,0.017256353050470352,0.017469550017267466,0.27060733369602996,1298.26953125,575.70703125,546.32861328125,ok
reference,reference,cuda,float32,32,2000,2,0.006051174597814679,0.006024539936333895,0.005989067023620009,0.12169718742370605,1298.26953125,575.70703125,284.29833984375,ok
reference,reference,cuda,float64,32,2000,2,0.017606053967028856,0.01754775713197887,0.017707194900140166,0.12169773548924967,1298.26953125,575.70703125,553.3173828125,ok
reference,reference,cuda,float32,4,100,768,0.0006446000188589096,0.0006305088754743338,0.0024319009389728308,0.801012396812439,1298.26953125,575.70703125,18.814453125,ok
reference,reference,cuda,float64,4,100,768,0.0007810835959389806,0.0007717579137533903,0.13893539318814874,0.8010128332503756,1299.2890625,576.7265625,21.3759765625,ok
reference,reference,cuda,float32,100,2000,2,0.006743901409208775,0.006724683102220297,0.0066559400875121355,0.02187514305114746,1299.2890625,576.7265625,302.27294921875,ok
reference,reference,cuda,float64,100,2000,2,0.01895601348951459,0.018915613880380988,0.019056783989071846,0.021875040830104275,1299.2890625,576.7265625,588.29345703125,ok
reference,reference,cuda,float32,8,100,768,0.000645841471850872,0.0006318711675703526,0.0016736809629946947,0.4316328763961792,1299.2890625,576.7265625,18.91845703125,ok
reference,reference,cuda,float64,8,100,768,0.0007837669691070914,0.0007726100739091635,0.002403188031166792,0.431632936364746,1299.2890625,576.7265625,21.583984375,ok
reference,reference,cuda,float32,16,100,768,0.000642897910438478,0.0006325519643723965,0.002651507966220379,0.2287997007369995,1299.2890625,576.7265625,19.12646484375,ok
reference,reference,cuda,float64,16,100,768,0.0008661845931783319,0.0008558849804103374,0.002969331108033657,0.22879968429884268,1299.2890625,576.7265625,22.0,ok
reference,reference,cuda,float32,32,100,768,0.0006476989947259426,0.000635296106338501,0.0028628120198845863,0.1258333921432495,1299.2890625,576.7265625,19.5478515625,ok
reference,reference,cuda,float64,32,100,768,0.0008075920632109046,0.0007965159602463245,0.00211856490932405,0.12583352714845542,1299.2890625,576.7265625,22.841796875,ok
reference,reference,cuda,float32,100,100,768,0.0006430624052882195,0.0006276238709688187,0.002065905835479498,0.06115365028381348,1299.2890625,576.7265625,21.3994140625,ok
reference,reference,cuda,float64,100,100,768,0.000921737402677536,0.0009093540720641613,0.0016832859255373478,0.061153834375156535,1300.2890625,577.7265625,26.7802734375,ok
reference,reference,cuda,float32,1,2000,10,0.005745884962379932,0.00572752789594233,0.005691834958270192,2.7603864669799805,1300.2890625,577.7265625,276.791015625,ok
reference,reference,cuda,float64,1,2000,10,0.017333277966827154,0.017281699925661087,0.017444483004510403,2.7603869130672836,1300.2890625,577.7265625,535.8759765625,ok
reference,reference,cuda,float32,4,2000,10,0.0057794552994892,0.005764191970229149,0.005747067043557763,0.6046848297119141,1300.2890625,577.7265625,277.52392578125,ok
reference,reference,cuda,float64,4,2000,10,0.01734903105534613,0.017280228901654482,0.0173687101341784,0.6046846910990089,1300.2890625,577.7265625,539.837890625,ok
reference,reference,cuda,float32,8,2000,10,0.005791728617623448,0.005775498924776912,0.005774507997557521,0.313382625579834,1300.2890625,577.7265625,278.50341796875,ok
reference,reference,cuda,float64,8,2000,10,0.017364714527502656,0.01734183100052178,0.017505404073745012,0.31338268132779845,1300.2890625,577.7265625,540.08251953125,ok
reference,reference,cuda,float32,16,2000,10,0.005837456556037068,0.005829559173434973,0.00582390115596354,0.16363930702209473,1300.2890625,577.7265625,281.90966796875,ok
reference,reference,cuda,float64,16,2000,10,0.017429450410418212,0.017347760032862425,0.017512244172394276,0.1636390282098641,1300.2890625,577.7265625,546.57470703125,ok
reference,reference,cuda,float32,32,2000,10,0.006008481606841087,0.005983217852190137,0.005982968024909496,0.07873058319091797,1300.2890625,577.7265625,284.42236328125,ok
reference,reference,cuda,float64,32,2000,10,0.017722026561386883,0.01767390500754118,0.017807563999667764,0.07873054577790928,1300.2890625,577.7265625,553.5654296875,ok
reference,reference,cuda,float32,100,2000,10,0.006677862489596009,0.0066586448810994625,0.0066362908110022545,0.029413223266601562,1300.2890625,577.7265625,302.4013671875,ok
reference,reference,cuda,float64,100,2000,10,0.019112040987238288,0.019078965997323394,0.01922091795131564,0.029413426203337867,1300.2890625,577.7265625,588.5498046875,ok
reference,reference,cuda,float32,1,250,768,0.0006517204456031322,0.0006393021903932095,0.0016799320001155138,3.135969638824463,1302.2890625,579.7265625,22.8583984375,ok
reference,reference,cuda,float64,1,250,768,0.0014539249241352081,0.0014488368760794401,0.0022486180532723665,3.135970164474813,1302.2890625,579.7265625,30.2783203125,ok
reference,reference,cuda,float32,4,250,768,0.0006504885386675596,0.0006387811154127121,0.000983875012025237,0.7958616018295288,1302.2890625,579.7265625,22.9462890625,ok
reference,reference,cuda,float64,4,250,768,0.001448115915991366,0.0014447909779846668,0.002424339996650815,0.7958618729795479,1302.2890625,579.7265625,30.4365234375,ok
reference,reference,cuda,float32,8,250,768,0.0006518004229292274,0.0006389010231941938,0.0013186039868742228,0.4009835720062256,1302.2890625,579.7265625,23.064453125,ok
reference,reference,cuda,float64,8,250,768,0.0019425825448706746,0.001937174005433917,0.0019523780792951584,0.40098362510055785,1302.2890625,579.7265625,30.6484375,ok
reference,reference,cuda,float32,16,250,768,0.0006475939881056547,0.0006369780749082565,0.0029718352016061544,0.2041323184967041,1302.2890625,579.7265625,23.298828125,ok
reference,reference,cuda,float64,16,250,768,0.0019482960924506187,0.0019430129323154688,0.001963543938472867,0.20413231838257428,1302.2890625,579.7265625,31.07177734375,ok
reference,reference,cuda,float32,32,250,768,0.0006488809594884515,0.0006360369734466076,0.0015153461135923862,0.10640478134155273,1302.2890625,579.7265625,23.77783203125,ok
reference,reference,cuda,float64,32,250,768,0.0020039634546265006,0.0019983849488198757,0.0032047510612756014,0.10640451238917303,1302.2890625,579.7265625,31.9287109375,ok
reference,reference,cuda,float32,100,250,768,0.0006548099918290973,0.0006418658886104822,0.0008966149762272835,0.04360842704772949,1302.2890625,579.7265625,27.6611328125,ok
reference,reference,cuda,float64,100,250,768,0.0024022365687415004,0.0023960380349308252,0.0026510569732636213,0.043608515431042605,1302.2890625,579.7265625,36.47705078125,ok
reference,reference,cuda,float32,1,2000,768,0.007324505015276372,0.007223344873636961,0.007158157881349325,3.048865556716919,1325.86328125,603.30078125,287.63623046875,ok
reference,reference,cuda,float64,1,2000,768,0.06258210889063776,0.0625362298451364,0.06401027599349618,3.0488658718669712,1325.86328125,603.30078125,559.01904296875,ok
reference,reference,cuda,float32,4,2000,768,0.0073854910442605615,0.0072916969656944275,0.007213741075247526,0.7538871765136719,1325.86328125,603.30078125,289.1123046875,ok
reference,reference,cuda,float64,4,2000,768,0.06261327490210533,0.06255810288712382,0.06373008782975376,0.7538876136700541,1325.86328125,603.30078125,563.015625,ok
reference,reference,cuda,float32,8,2000,768,0.00737931183539331,0.007288551889359951,0.007209625095129013,0.3836245536804199,1325.86328125,603.30078125,290.115234375,ok
reference,reference,cuda,float64,8,2000,768,0.06262272398453206,0.06258406210690737,0.06417035381309688,0.38362505229258526,1325.86328125,603.30078125,563.306640625,ok
reference,reference,cuda,float32,16,2000,768,0.007428419892676175,0.007354279980063438,0.007273860042914748,0.19465851783752441,1325.86328125,603.30078125,293.0869140625,ok
reference,reference,cuda,float64,16,2000,768,0.06270615849643946,0.06266060494817793,0.06378349801525474,0.19465889393489855,1325.86328125,603.30078125,569.8916015625,ok
reference,reference,cuda,float32,32,2000,768,0.007557667559012771,0.0074943790677934885,0.007376191904768348,0.09871840476989746,1325.86328125,603.30078125,296.1728515625,ok
reference,reference,cuda,float64,32,2000,768,0.06338589603547007,0.06333963689394295,0.06460791593417525,0.09871865663459323,1325.86328125,603.30078125,577.0673828125,ok
reference,reference,cuda,float32,100,2000,768,0.008376096491701901,0.008331505116075277,0.00826990301720798,0.033695340156555176,1325.86328125,603.30078125,314.544921875,ok
reference,reference,cuda,float64,100,2000,768,0.06799647002480924,0.06794698699377477,0.06962673715315759,0.03369529940399496,1325.86328125,603.30078125,612.837890625,ok
stacked_mm,reference_like,cuda,float32,1,100,1,0.000691895023919642,0.0006811339408159256,0.3605186869390309,2.0376431941986084,1184.78125,461.7265625,16.91455078125,ok
stacked_mm,reference_like,cuda,float64,1,100,1,0.0006901529850438237,0.0006764670833945274,0.1632577150594443,2.0376430351117722,1228.53125,505.4765625,17.57666015625,ok
stacked_mm,reference_like,cuda,float32,4,100,1,0.0006882544839754701,0.0006780500989407301,0.0008140120189636946,0.35700488090515137,1228.53125,505.4765625,16.95458984375,ok
stacked_mm,reference_like,cuda,float64,4,100,1,0.0006877289852127433,0.0006776989903301001,0.0007991290185600519,0.357005741524397,1228.53125,505.4765625,17.65576171875,ok
stacked_mm,reference_like,cuda,float32,8,100,1,0.0006895663682371378,0.0006777888629585505,0.0007527810521423817,0.04553866386413574,1228.53125,505.4765625,17.009765625,ok
stacked_mm,reference_like,cuda,float64,8,100,1,0.0006888804491609335,0.0006731331814080477,0.0007419239263981581,0.045538795343057714,1228.53125,505.4765625,17.767578125,ok
stacked_mm,reference_like,cuda,float32,16,100,1,0.0006861414294689894,0.0006724309641867876,0.0007296260446310043,0.2781093120574951,1228.53125,505.4765625,17.1259765625,ok
stacked_mm,reference_like,cuda,float64,16,100,1,0.0006867429474368691,0.0006740139797329903,0.0007378179579973221,0.27810919418358404,1228.53125,505.4765625,18.0,ok
stacked_mm,reference_like,cuda,float32,32,100,1,0.0006902924505993724,0.0006805630400776863,0.0008945818990468979,0.13926410675048828,1228.53125,505.4765625,17.3837890625,ok
stacked_mm,reference_like,cuda,float64,32,100,1,0.0006931519601494074,0.0006803527940064669,0.0011698619928210974,0.1392639574948933,1229.03125,505.9765625,18.51513671875,ok
stacked_mm,reference_like,cuda,float32,1,100,2,0.0006936474237591028,0.00068492884747684,0.0008425549603998661,1.7986276149749756,1229.03125,505.9765625,16.91552734375,ok
stacked_mm,reference_like,cuda,float64,1,100,2,0.0006912340177223086,0.0006771490443497896,0.0008427249267697334,1.7986277611753723,1229.03125,505.9765625,17.57861328125,ok
stacked_mm,reference_like,cuda,float32,4,100,2,0.0006969780661165714,0.0006839379202574492,0.0007327508646994829,0.6644935607910156,1229.03125,505.9765625,16.95556640625,ok
stacked_mm,reference_like,cuda,float64,4,100,2,0.0006943844491615891,0.0006837279070168734,0.0007445989176630974,0.6644934227970571,1229.03125,505.9765625,17.65771484375,ok
stacked_mm,reference_like,cuda,float32,8,100,2,0.0006932569667696953,0.0006836068350821733,0.0008057691156864166,0.4093151092529297,1229.03125,505.9765625,17.0107421875,ok
stacked_mm,reference_like,cuda,float64,8,100,2,0.0006950245006009936,0.0006803029682487249,0.0007374580018222332,0.40931500084879424,1229.03125,505.9765625,17.76953125,ok
stacked_mm,reference_like,cuda,float32,16,100,2,0.0006972330156713724,0.0006843188311904669,0.000750246923416853,0.21517014503479004,1229.03125,505.9765625,17.126953125,ok
stacked_mm,reference_like,cuda,float64,16,100,2,0.0006938435835763812,0.0006850198842585087,0.0007294660899788141,0.21517019933053216,1229.03125,505.9765625,18.001953125,ok
stacked_mm,reference_like,cuda,float32,32,100,2,0.0006983448984101415,0.0006864420138299465,0.000800400972366333,0.13151764869689941,1229.03125,505.9765625,17.384765625,ok
stacked_mm,reference_like,cuda,float64,32,100,2,0.0007005379302427173,0.0006896471604704857,0.0007613939233124256,0.1315174799750798,1229.03125,505.9765625,18.51708984375,ok
stacked_mm,reference_like,cuda,float32,100,100,1,0.0006878840504214168,0.0006781900301575661,0.0008714969735592604,0.023517131805419922,1229.03125,505.9765625,18.84765625,ok
stacked_mm,reference_like,cuda,float64,100,100,1,0.0006881295703351498,0.0006751450709998608,0.0011340179480612278,0.023517210801413668,1229.03125,505.9765625,22.140625,ok
stacked_mm,reference_like,cuda,float32,1,250,1,0.0006898670690134168,0.0006768279708921909,0.0007660109549760818,6.157979965209961,1229.03125,505.9765625,20.484375,ok
stacked_mm,reference_like,cuda,float64,1,250,1,0.0006881641456857324,0.0006750649772584438,0.0007951641455292702,6.157979615575565,1229.03125,505.9765625,24.4267578125,ok
stacked_mm,reference_like,cuda,float32,4,250,1,0.0006876994157209992,0.000675674993544817,0.0007359960582107306,0.5367016792297363,1229.03125,505.9765625,20.49609375,ok
stacked_mm,reference_like,cuda,float64,4,250,1,0.0006897869752719998,0.0006784501019865274,0.0007973569445312023,0.5367018165496731,1229.03125,505.9765625,24.62451171875,ok
stacked_mm,reference_like,cuda,float32,8,250,1,0.000687708961777389,0.000678270123898983,0.0007941019721329212,0.17213177680969238,1229.03125,505.9765625,20.572265625,ok
stacked_mm,reference_like,cuda,float64,8,250,1,0.0006883095484226942,0.00067548593506217,0.000741404015570879,0.17213176323769908,1229.03125,505.9765625,24.890625,ok
stacked_mm,reference_like,cuda,float32,16,250,1,0.0006933525437489152,0.0006839290726929903,0.0007464010268449783,0.1644303798675537,1229.03125,505.9765625,20.84228515625,ok
stacked_mm,reference_like,cuda,float64,16,250,1,0.0006935730343684554,0.0006801628042012453,0.000742986099794507,0.1644306628156853,1229.03125,505.9765625,25.43310546875,ok
stacked_mm,reference_like,cuda,float32,32,250,1,0.0006950744427740574,0.0006826268509030342,0.0007528809364885092,0.04421639442443848,1229.03125,505.9765625,22.1279296875,ok
stacked_mm,reference_like,cuda,float64,32,250,1,0.0006933375261723995,0.0006821958813816309,0.000997105147689581,0.044216544382689627,1229.03125,505.9765625,27.28662109375,ok
stacked_mm,reference_like,cuda,float32,100,100,2,0.0007026909152045846,0.0006879039574414492,0.0007709579076617956,0.0515749454498291,1229.03125,505.9765625,18.849609375,ok
stacked_mm,reference_like,cuda,float64,100,100,2,0.0007442429196089506,0.0007354849949479103,0.0008002319373190403,0.05157494938953988,1229.03125,505.9765625,22.14404296875,ok
stacked_mm,reference_like,cuda,float32,1,100,10,0.0006966970395296812,0.0006833781953901052,0.0007555549964308739,2.838141441345215,1229.03125,505.9765625,16.92138671875,ok
stacked_mm,reference_like,cuda,float64,1,100,10,0.0006946389330551028,0.0006773988716304302,0.0007310279179364443,2.8381416220159346,1229.03125,505.9765625,17.59033203125,ok
stacked_mm,reference_like,cuda,float32,4,100,10,0.0006984799401834607,0.0006876841653138399,0.0007419651374220848,0.7886528968811035,1229.03125,505.9765625,16.9619140625,ok
stacked_mm,reference_like,cuda,float64,4,100,10,0.0006960165919736028,0.0006869321223348379,0.0007479339838027954,0.7886530540465091,1229.03125,505.9765625,17.669921875,ok
stacked_mm,reference_like,cuda,float32,8,100,10,0.0006994709838181734,0.0006885549519211054,0.0007540930528193712,0.4830918312072754,1229.53125,506.4765625,17.01708984375,ok
stacked_mm,reference_like,cuda,float64,8,100,10,0.0006977944867685437,0.0006850101053714752,0.0007378589361906052,0.48309188002154135,1229.53125,506.4765625,17.7822265625,ok
stacked_mm,reference_like,cuda,float32,100,250,1,0.0006956756114959717,0.0006836180109530687,0.0009565041400492191,0.013132810592651367,1229.53125,506.4765625,24.19970703125,ok
stacked_mm,reference_like,cuda,float64,100,250,1,0.0006920200539752841,0.0006808340549468994,0.0007539321668446064,0.013133135432807475,1229.53125,506.4765625,32.146484375,ok
stacked_mm,reference_like,cuda,float32,1,250,2,0.0007061664946377277,0.0006950548849999905,0.0011500830296427011,3.316560745239258,1230.04296875,506.98828125,20.486328125,ok
stacked_mm,reference_like,cuda,float64,1,250,2,0.0007821698673069477,0.000771217979490757,0.000832088990136981,3.3165610962421646,1230.54296875,507.48828125,24.4306640625,ok
stacked_mm,reference_like,cuda,float32,4,250,2,0.0007040130440145731,0.0006914890836924314,0.0007613140624016523,1.087282657623291,1230.54296875,507.48828125,20.498046875,ok
stacked_mm,reference_like,cuda,float64,4,250,2,0.0007693000370636582,0.0007595508359372616,0.0008111780043691397,1.0872828958896679,1230.54296875,507.48828125,24.62841796875,ok
stacked_mm,reference_like,cuda,float32,8,250,2,0.0007058110786601901,0.0006960160098969936,0.0007831968832761049,0.4653589725494385,1230.54296875,507.48828125,20.57421875,ok
stacked_mm,reference_like,cuda,float64,8,250,2,0.0007783689070492983,0.0007698158733546734,0.0008120590355247259,0.4653585922078065,1230.54296875,507.48828125,24.89453125,ok
stacked_mm,reference_like,cuda,float32,16,100,10,0.000699947471730411,0.0006873528473079205,0.0007533719763159752,0.23735713958740234,1230.54296875,507.48828125,17.13427734375,ok
stacked_mm,reference_like,cuda,float64,16,100,10,0.0006971930852159858,0.0006819351110607386,0.0007393211126327515,0.23735710540230714,1230.54296875,507.48828125,18.01611328125,ok
stacked_mm,reference_like,cuda,float32,16,250,2,0.0007064619567245245,0.0006945938803255558,0.0007650291081517935,0.3192439079284668,1230.54296875,507.48828125,20.84423828125,ok
stacked_mm,reference_like,cuda,float64,16,250,2,0.0007808980299159884,0.0007651988416910172,0.0008230661042034626,0.3192441319760122,1230.54296875,507.48828125,25.43701171875,ok
stacked_mm,reference_like,cuda,float32,32,250,2,0.0007053855806589127,0.0006949049420654774,0.0007598318625241518,0.1352066993713379,1230.54296875,507.48828125,22.1298828125,ok
stacked_mm,reference_like,cuda,float64,32,250,2,0.0007081340299919248,0.0006913188844919205,0.0014837291091680527,0.1352067961803658,1231.56640625,508.51171875,27.29052734375,ok
stacked_mm,reference_like,cuda,float32,32,100,10,0.0007031920831650496,0.0006912499666213989,0.0007492848671972752,0.11553144454956055,1231.56640625,508.51171875,17.392578125,ok
stacked_mm,reference_like,cuda,float64,32,100,10,0.0007008339744061232,0.0006895868573337793,0.0007654600776731968,0.11553161862834438,1231.56640625,508.51171875,18.53271484375,ok
stacked_mm,reference_like,cuda,float32,100,250,2,0.000706737395375967,0.0006941440515220165,0.0007722100708633661,0.030039310455322266,1231.56640625,508.51171875,24.20263671875,ok
stacked_mm,reference_like,cuda,float64,100,250,2,0.0007088405545800924,0.0006987000815570354,0.0007711679209023714,0.030039659260520324,1231.56640625,508.51171875,32.15185546875,ok
stacked_mm,reference_like,cuda,float32,100,100,10,0.000700643053278327,0.0006858909036964178,0.0007737709674984217,0.04308438301086426,1231.56640625,508.51171875,18.861328125,ok
stacked_mm,reference_like,cuda,float64,100,100,10,0.0007448690012097359,0.0007330807857215405,0.0010441751219332218,0.04308409900639276,1231.56640625,508.51171875,22.16796875,ok
stacked_mm,reference_like,cuda,float32,1,250,10,0.0007049401756376028,0.0006917000282555819,0.0007548839785158634,4.038843154907227,1231.56640625,508.51171875,20.501953125,ok
stacked_mm,reference_like,cuda,float64,1,250,10,0.0007813379634171724,0.000771799124777317,0.000813281862065196,4.038843504800978,1231.56640625,508.51171875,24.4619140625,ok
stacked_mm,reference_like,cuda,float32,4,250,10,0.0007074079476296902,0.0006950050592422485,0.0007646689191460609,0.7580327987670898,1231.56640625,508.51171875,20.513671875,ok
stacked_mm,reference_like,cuda,float64,4,250,10,0.0007712079677730799,0.0007595510687679052,0.0008124599698930979,0.7580334950883554,1231.56640625,508.51171875,24.65966796875,ok
stacked_mm,reference_like,cuda,float32,8,250,10,0.0007070774445310235,0.000693752896040678,0.0007599811069667339,0.5162122249603271,1231.56640625,508.51171875,20.58984375,ok
stacked_mm,reference_like,cuda,float64,8,250,10,0.0007807470392435789,0.0007709478959441185,0.0008153840899467468,0.5162125402658981,1231.56640625,508.51171875,24.92626953125,ok
stacked_mm,reference_like,cuda,float32,16,250,10,0.0007049795240163803,0.0006935428828001022,0.0007646079175174236,0.2604997158050537,1231.56640625,508.51171875,20.8603515625,ok
stacked_mm,reference_like,cuda,float64,16,250,10,0.0007794455159455538,0.0007677532266825438,0.0008060201071202755,0.2605003293646271,1231.56640625,508.51171875,25.4697265625,ok
stacked_mm,reference_like,cuda,float32,32,250,10,0.000708159408532083,0.000696446979418397,0.0007913890294730663,0.15153217315673828,1231.56640625,508.51171875,22.1474609375,ok
stacked_mm,reference_like,cuda,float64,32,250,10,0.0007082548690959811,0.0006936518475413322,0.0007607829757034779,0.15153257743763993,1231.56640625,508.51171875,27.32568359375,ok
stacked_mm,reference_like,cuda,float32,100,250,10,0.0007079689530655742,0.0006955659482628107,0.000779871130362153,0.0485532283782959,1231.56640625,508.51171875,24.22412109375,ok
stacked_mm,reference_like,cuda,float64,100,250,10,0.0007051748689264059,0.0006884750910103321,0.0007667720783501863,0.0485531861668016,1231.56640625,508.51171875,32.19482421875,ok
stacked_mm,reference_like,cuda,float32,1,2000,1,0.005587629973888397,0.005565916886553168,0.005918472073972225,1.0326149463653564,1231.56640625,508.51171875,277.37841796875,ok
stacked_mm,reference_like,cuda,float64,1,2000,1,0.014591625425964594,0.01455125492066145,0.015114343957975507,1.0326145723052824,1234.16015625,511.10546875,535.60107421875,ok
stacked_mm,reference_like,cuda,float32,4,2000,1,0.005608681007288396,0.005591595079749823,0.005615771980956197,0.7472975254058838,1234.16015625,511.10546875,278.0654296875,ok
stacked_mm,reference_like,cuda,float64,4,2000,1,0.014737532590515912,0.014594539999961853,0.014718224061653018,0.74729723446795,1234.16015625,511.10546875,539.5625,ok
stacked_mm,reference_like,cuda,float32,8,2000,1,0.005635435460135341,0.005612355889752507,0.005614930065348744,0.38326072692871094,1234.16015625,511.10546875,278.98388671875,ok
stacked_mm,reference_like,cuda,float64,8,2000,1,0.014642681926488876,0.014595411019399762,0.014882038114592433,0.38326104978164066,1234.16015625,511.10546875,539.806640625,ok
stacked_mm,reference_like,cuda,float32,16,2000,1,0.005682685994543135,0.0056707130279392,0.005679385969415307,0.09622478485107422,1234.66015625,511.60546875,282.2666015625,ok
stacked_mm,reference_like,cuda,float64,16,2000,1,0.014803000492975116,0.014726996887475252,0.015238567953929305,0.09622459358374291,1234.66015625,511.60546875,546.2978515625,ok
stacked_mm,reference_like,cuda,float32,32,2000,1,0.005782589549198747,0.005772345000877976,0.0057830901350826025,0.026253938674926758,1234.66015625,511.60546875,284.53125,ok
stacked_mm,reference_like,cuda,float64,32,2000,1,0.014966569026000798,0.014912053011357784,0.01553047401830554,0.026254337816480344,1234.66015625,511.60546875,553.2861328125,ok
stacked_mm,reference_like,cuda,float32,100,2000,1,0.006481164484284818,0.006464584963396192,0.006595749873667955,0.02313852310180664,1234.66015625,511.60546875,302.25634765625,ok
stacked_mm,reference_like,cuda,float64,100,2000,1,0.016361720976419747,0.01629681489430368,0.01688706292770803,0.02313811798306853,1234.66015625,511.60546875,588.2607421875,ok
stacked_mm,reference_like,cuda,float32,1,100,768,0.0007007584208622575,0.0006870031356811523,0.0020549690816551447,3.1106724739074707,1235.16015625,512.10546875,17.7314453125,ok
stacked_mm,reference_like,cuda,float64,1,100,768,0.0009948614751920104,0.0009844759479165077,0.0033408841118216515,3.110672823155628,1235.66015625,512.60546875,19.2119140625,ok
stacked_mm,reference_like,cuda,float32,1,2000,2,0.00566978205461055,0.005652306135743856,0.005638594971969724,1.6616742610931396,1235.66015625,512.60546875,277.39404296875,ok
stacked_mm,reference_like,cuda,float64,1,2000,2,0.016838785959407687,0.01679272297769785,0.01720456499606371,1.661674052330373,1235.66015625,512.60546875,535.63134765625,ok
stacked_mm,reference_like,cuda,float32,4,2000,2,0.005687332362867892,0.0056772129610180855,0.00567386788316071,0.22941899299621582,1235.66015625,512.60546875,278.0810546875,ok
stacked_mm,reference_like,cuda,float64,4,2000,2,0.01686968212015927,0.016824940918013453,0.01714645908214152,0.22941924691461812,1235.66015625,512.60546875,539.5927734375,ok
stacked_mm,reference_like,cuda,float32,8,2000,2,0.005700787529349327,0.005684803938493133,0.005709060002118349,0.39748692512512207,1235.66015625,512.60546875,278.99951171875,ok
stacked_mm,reference_like,cuda,float64,8,2000,2,0.01688994246069342,0.016851790947839618,0.01718521793372929,0.3974868675407297,1235.66015625,512.60546875,539.8369140625,ok
stacked_mm,reference_like,cuda,float32,16,2000,2,0.005749980453401804,0.005735629005357623,0.005741107976064086,0.27060723304748535,1235.66015625,512.60546875,282.2822265625,ok
stacked_mm,reference_like,cuda,float64,16,2000,2,0.01694785396102816,0.016892031067982316,0.017297093058004975,0.27060733369602996,1235.66015625,512.60546875,546.328125,ok
stacked_mm,reference_like,cuda,float32,32,2000,2,0.005868933047167957,0.005847176071256399,0.005868687992915511,0.12169718742370605,1235.66015625,512.60546875,284.546875,ok
stacked_mm,reference_like,cuda,float64,32,2000,2,0.017218962428160012,0.017161170952022076,0.017527577001601458,0.12169773548924967,1235.66015625,512.60546875,553.31689453125,ok
stacked_mm,reference_like,cuda,float32,4,100,768,0.0006970475660637021,0.0006856699474155903,0.003461643820628524,0.8010126352310181,1235.66015625,512.60546875,17.775390625,ok
stacked_mm,reference_like,cuda,float64,4,100,768,0.000983814476057887,0.0009774151258170605,0.0033282958902418613,0.8010128332503756,1237.6796875,514.625,19.2998046875,ok
stacked_mm,reference_like,cuda,float32,100,2000,2,0.006565790390595794,0.006551253842189908,0.006769859930500388,0.02187514305114746,1237.6796875,514.625,302.2724609375,ok
stacked_mm,reference_like,cuda,float64,100,2000,2,0.018598055467009544,0.01855317410081625,0.018859068863093853,0.021875040830104275,1237.6796875,514.625,588.29296875,ok
stacked_mm,reference_like,cuda,float32,8,100,768,0.0006993109127506614,0.0006887251511216164,0.002700151177123189,0.4316328763961792,1237.6796875,514.625,17.833984375,ok
stacked_mm,reference_like,cuda,float64,8,100,768,0.0009898040443658829,0.0009768640156835318,0.003378090215846896,0.431632936364746,1237.6796875,514.625,19.4169921875,ok
stacked_mm,reference_like,cuda,float32,16,100,768,0.0006978245219215751,0.0006850401405245066,0.0009710059966892004,0.2287997007369995,1237.6796875,514.625,18.14404296875,ok
stacked_mm,reference_like,cuda,float64,16,100,768,0.0010736089898273349,0.0010684409644454718,0.002730495063588023,0.22879968429884268,1237.6796875,514.625,19.6513671875,ok
stacked_mm,reference_like,cuda,float32,32,100,768,0.0007044039666652679,0.0006927410140633583,0.003144372021779418,0.1258333921432495,1237.6796875,514.625,18.1865234375,ok
stacked_mm,reference_like,cuda,float64,32,100,768,0.001009818515740335,0.0010008199606090784,0.002976951887831092,0.12583352714845542,1237.6796875,514.625,20.12109375,ok
stacked_mm,reference_like,cuda,float32,100,100,768,0.0007004979997873306,0.0006873938255012035,0.001999265979975462,0.06115365028381348,1237.6796875,514.625,20.017578125,ok
stacked_mm,reference_like,cuda,float64,100,100,768,0.0011249695671722293,0.0011131868232041597,0.0015371388290077448,0.061153834375156535,1237.6796875,514.625,23.7822265625,ok
stacked_mm,reference_like,cuda,float32,1,2000,10,0.005652145599015057,0.005636502057313919,0.005639096023514867,2.7603864669799805,1237.6796875,514.625,277.51611328125,ok
stacked_mm,reference_like,cuda,float64,1,2000,10,0.016971173463389277,0.01693639694713056,0.01726902206428349,2.7603869130672836,1237.6796875,514.625,535.87548828125,ok
stacked_mm,reference_like,cuda,float32,4,2000,10,0.005667923949658871,0.005654338048771024,0.005663753021508455,0.6046848297119141,1237.6796875,514.625,278.203125,ok
stacked_mm,reference_like,cuda,float64,4,2000,10,0.016997763537801802,0.01698256516829133,0.01729739410802722,0.6046846910990089,1237.6796875,514.625,539.83740234375,ok
stacked_mm,reference_like,cuda,float32,8,2000,10,0.005687216995283961,0.005670432932674885,0.005715278908610344,0.3133821487426758,1237.6796875,514.625,279.12158203125,ok
stacked_mm,reference_like,cuda,float64,8,2000,10,0.017025664099492133,0.016972109908238053,0.01727308821864426,0.31338268132779845,1237.6796875,514.625,540.08203125,ok
stacked_mm,reference_like,cuda,float32,16,2000,10,0.005742024630308151,0.005723690846934915,0.005729801021516323,0.16363883018493652,1237.6796875,514.625,282.4052734375,ok
stacked_mm,reference_like,cuda,float64,16,2000,10,0.017096625524573028,0.01704122289083898,0.017315100179985166,0.1636390282098641,1237.6796875,514.625,546.57421875,ok
stacked_mm,reference_like,cuda,float32,32,2000,10,0.0058594540460035205,0.005841087084263563,0.005842178128659725,0.07873058319091797,1237.6796875,514.625,284.6708984375,ok
stacked_mm,reference_like,cuda,float64,32,2000,10,0.01736102858558297,0.017287550028413534,0.017606694949790835,0.07873054577790928,1237.6796875,514.625,553.56494140625,ok
stacked_mm,reference_like,cuda,float32,100,2000,10,0.006524529424495995,0.006501880940049887,0.0066360298078507185,0.029413223266601562,1237.6796875,514.625,302.40087890625,ok
stacked_mm,reference_like,cuda,float64,100,2000,10,0.018766361055895686,0.01870823511853814,0.019027961185202003,0.029413426203337867,1237.6796875,514.625,588.54931640625,ok
stacked_mm,reference_like,cuda,float32,1,250,768,0.0007048299303278327,0.0006928020156919956,0.002122000092640519,3.135969638824463,1239.1796875,516.125,22.68798828125,ok
stacked_mm,reference_like,cuda,float64,1,250,768,0.0016392655670642853,0.001628694823011756,0.0031844910699874163,3.135970164474813,1240.1796875,517.125,28.17822265625,ok
stacked_mm,reference_like,cuda,float32,4,250,768,0.0007095715263858438,0.0006938728038221598,0.002153926994651556,0.7958616018295288,1240.1796875,517.125,22.72607421875,ok
stacked_mm,reference_like,cuda,float64,4,250,768,0.001625760574825108,0.0016152048483490944,0.0018370850011706352,0.7958618729795479,1240.1796875,517.125,28.3935546875,ok
stacked_mm,reference_like,cuda,float32,8,250,768,0.0007065568352118134,0.0006945140194147825,0.001193357165902853,0.40098345279693604,1241.6796875,518.625,22.8369140625,ok
stacked_mm,reference_like,cuda,float64,8,250,768,0.0021131514804437757,0.002100677927955985,0.002325973007827997,0.4009836251005583,1241.6796875,518.625,28.6826171875,ok
stacked_mm,reference_like,cuda,float32,16,250,768,0.0007062215590849519,0.0006938430014997721,0.0011147100012749434,0.20413243770599365,1241.6796875,518.625,23.17724609375,ok
stacked_mm,reference_like,cuda,float64,16,250,768,0.0021123249316588044,0.0020994958467781544,0.002803293988108635,0.20413231838257428,1241.6796875,518.625,29.27197265625,ok
stacked_mm,reference_like,cuda,float32,32,250,768,0.0007054305169731379,0.0006935629062354565,0.0012199771590530872,0.10640466213226318,1241.6796875,518.625,24.603515625,ok
stacked_mm,reference_like,cuda,float64,32,250,768,0.0021503770258277655,0.002142379991710186,0.0030655839946120977,0.10640451238917348,1241.6796875,518.625,30.5029296875,ok
stacked_mm,reference_like,cuda,float32,100,250,768,0.0007030065171420574,0.000692571047693491,0.00181041588075459,0.04360842704772949,1241.6796875,518.625,26.63525390625,ok
stacked_mm,reference_like,cuda,float64,100,250,768,0.0024932221276685596,0.0024798118975013494,0.002578999847173691,0.043608515431042605,1241.6796875,518.625,36.4765625,ok
stacked_mm,reference_like,cuda,float32,1,2000,768,0.007192613556981087,0.007122315000742674,0.0071008228696882725,3.048865556716919,1262.6484375,539.59375,288.361328125,ok
stacked_mm,reference_like,cuda,float64,1,2000,768,0.061903527937829494,0.06188546121120453,0.06340239988639951,3.0488658718669712,1262.6484375,539.59375,559.0185546875,ok
stacked_mm,reference_like,cuda,float32,4,2000,768,0.007219779537990689,0.007146500051021576,0.0071594801265746355,0.753887414932251,1262.6484375,539.59375,289.11181640625,ok
stacked_mm,reference_like,cuda,float64,4,2000,768,0.061936727026477456,0.061891329009085894,0.06320572691038251,0.7538876136700541,1265.91796875,542.86328125,563.01513671875,ok
stacked_mm,reference_like,cuda,float32,8,2000,768,0.007214035955257714,0.007169374963268638,0.007169625023379922,0.3836245536804199,1265.91796875,542.86328125,290.11474609375,ok
stacked_mm,reference_like,cuda,float64,8,2000,768,0.06196765345521271,0.06193676800467074,0.06318014883436263,0.3836250522925857,1277.921875,554.8671875,563.30615234375,ok
stacked_mm,reference_like,cuda,float32,16,2000,768,0.0072831090074032545,0.007216504076495767,0.007230295101180673,0.19465851783752441,1277.921875,554.8671875,293.56689453125,ok
stacked_mm,reference_like,cuda,float64,16,2000,768,0.06204045645426959,0.061996666016057134,0.06345918402075768,0.1946588939348981,1277.921875,554.8671875,569.89111328125,ok
stacked_mm,reference_like,cuda,float32,32,2000,768,0.007428018958307803,0.0073595677968114614,0.007387198973447084,0.09871816635131836,1277.921875,554.8671875,296.17236328125,ok
stacked_mm,reference_like,cuda,float64,32,2000,768,0.06270392006263137,0.06266416097059846,0.06379407201893628,0.09871865663459278,1277.9296875,554.875,577.06689453125,ok
stacked_mm,reference_like,cuda,float32,100,2000,768,0.0082427830202505,0.008173149079084396,0.008198335999622941,0.033695340156555176,1277.9296875,554.875,314.54443359375,ok
stacked_mm,reference_like,cuda,float64,100,2000,768,0.06726187060121447,0.06723101017996669,0.0688122040592134,0.03369529940399496,1277.9296875,554.875,612.83740234375,ok
stacked_powchain,reference_like,cuda,float32,1,100,1,0.000821042456664145,0.0008088548202067614,0.5663176770322025,2.0376431941986084,1284.62890625,561.984375,16.60400390625,ok
stacked_powchain,reference_like,cuda,float64,1,100,1,0.000818804488517344,0.0008073928765952587,0.006631244206801057,2.0376430351117714,1323.3125,600.66796875,16.95654296875,ok
stacked_powchain,reference_like,cuda,float32,4,100,1,0.0008204915793612599,0.000809364952147007,0.0009308159351348877,0.35700488090515137,1323.8125,601.16796875,16.6259765625,ok
stacked_powchain,reference_like,cuda,float64,4,100,1,0.0008196005364879966,0.0008061099797487259,0.0009107349906116724,0.3570057415243979,1323.8125,601.16796875,16.99609375,ok
stacked_powchain,reference_like,cuda,float32,8,100,1,0.0008233661064878106,0.0008063300047069788,0.00093836709856987,0.04553866386413574,1323.8125,601.16796875,16.65673828125,ok
stacked_powchain,reference_like,cuda,float64,8,100,1,0.0008190199732780457,0.0008097158279269934,0.0008876821957528591,0.045538795343057714,1323.8125,601.16796875,17.0576171875,ok
stacked_powchain,reference_like,cuda,float32,16,100,1,0.0008219840237870812,0.0008096650708466768,0.0008776169270277023,0.2781088352203369,1323.8125,601.16796875,16.71826171875,ok
stacked_powchain,reference_like,cuda,float64,16,100,1,0.0008175770053640008,0.0008005620911717415,0.0008641569875180721,0.2781091941835845,1323.8125,601.16796875,17.1806640625,ok
stacked_powchain,reference_like,cuda,float32,32,100,1,0.0008239218732342124,0.0008109179325401783,0.001052205916494131,0.13926410675048828,1323.8125,601.16796875,16.85498046875,ok
stacked_powchain,reference_like,cuda,float64,32,100,1,0.0008244575001299381,0.0008118890691548586,0.0009539809543639421,0.13926395749489373,1323.8125,601.16796875,17.45361328125,ok
stacked_powchain,reference_like,cuda,float32,1,100,2,0.0008234810084104538,0.0008110979106277227,0.0009584380313754082,1.7986280918121338,1323.8125,601.16796875,16.60498046875,ok
stacked_powchain,reference_like,cuda,float64,1,100,2,0.0008291648700833321,0.0008140220306813717,0.001006299164146185,1.7986277611753723,1324.37109375,601.7265625,16.95849609375,ok
stacked_powchain,reference_like,cuda,float32,4,100,2,0.0008231148822233081,0.000812560087069869,0.0008718990720808506,0.6644930839538574,1324.37109375,601.7265625,16.626953125,ok
stacked_powchain,reference_like,cuda,float64,4,100,2,0.0008329504635185003,0.0008235559798777103,0.0008693251293152571,0.6644934227970571,1324.37109375,601.7265625,16.998046875,ok
stacked_powchain,reference_like,cuda,float32,8,100,2,0.0008261100156232715,0.0008132809307426214,0.0008829950820654631,0.4093148708343506,1324.37109375,601.7265625,16.65771484375,ok
stacked_powchain,reference_like,cuda,float64,8,100,2,0.0008329699048772454,0.0008233361877501011,0.000872588949277997,0.40931500084879424,1324.37109375,601.7265625,17.0595703125,ok
stacked_powchain,reference_like,cuda,float32,16,100,2,0.000827931915409863,0.0008145028259605169,0.000871357973664999,0.21517014503479004,1324.37109375,601.7265625,16.71923828125,ok
stacked_powchain,reference_like,cuda,float64,16,100,2,0.0008441065438091755,0.0008306968957185745,0.0008758639451116323,0.21517019933053216,1324.37109375,601.7265625,17.1826171875,ok
stacked_powchain,reference_like,cuda,float32,32,100,2,0.0008251984836533666,0.0008116289973258972,0.0008714580908417702,0.13151788711547852,1324.37109375,601.7265625,16.85595703125,ok
stacked_powchain,reference_like,cuda,float64,32,100,2,0.0008513330249115825,0.0008327299728989601,0.0008911269251257181,0.1315174799750798,1324.37109375,601.7265625,17.45556640625,ok
stacked_powchain,reference_like,cuda,float32,100,100,1,0.0008166659390553832,0.0008081928826868534,0.0009793678764253855,0.023517131805419922,1324.37109375,601.7265625,17.62841796875,ok
stacked_powchain,reference_like,cuda,float64,100,100,1,0.0008224894991144538,0.0008096448145806789,0.0012666359543800354,0.023517210801414112,1324.37109375,601.7265625,19.00146484375,ok
stacked_powchain,reference_like,cuda,float32,1,250,1,0.0008187990169972181,0.0008053178898990154,0.0008807110134512186,6.157979488372803,1324.37109375,601.7265625,18.419921875,ok
stacked_powchain,reference_like,cuda,float64,1,250,1,0.0008210879750549793,0.0008096559904515743,0.0012453340459614992,6.157979615575565,1324.37109375,601.7265625,20.583984375,ok
stacked_powchain,reference_like,cuda,float32,4,250,1,0.000818383414298296,0.000805119052529335,0.0008817429188638926,0.5367019176483154,1324.37109375,601.7265625,18.47265625,ok
stacked_powchain,reference_like,cuda,float64,4,250,1,0.0008220240706577897,0.0008094850927591324,0.0009524980559945107,0.5367018165496731,1324.87109375,602.2265625,20.689453125,ok
stacked_powchain,reference_like,cuda,float32,8,250,1,0.0008218184811994433,0.0008109170012176037,0.0009642050135880709,0.17213177680969238,1324.87109375,602.2265625,18.54345703125,ok
stacked_powchain,reference_like,cuda,float64,8,250,1,0.0008218885632231832,0.0008095861412584782,0.0008823138196021318,0.17213176323769996,1324.87109375,602.2265625,20.83056640625,ok
stacked_powchain,reference_like,cuda,float32,16,250,1,0.0008239165181294084,0.000807011965662241,0.0008637558203190565,0.1644299030303955,1324.87109375,602.2265625,18.68408203125,ok
stacked_powchain,reference_like,cuda,float64,16,250,1,0.0008227750658988953,0.0008117780089378357,0.0008669511880725622,0.1644306628156862,1324.87109375,602.2265625,21.1162109375,ok
stacked_powchain,reference_like,cuda,float32,32,250,1,0.0008236515568569303,0.000808224081993103,0.0008726788219064474,0.04421591758728027,1324.87109375,602.2265625,18.9873046875,ok
stacked_powchain,reference_like,cuda,float64,32,250,1,0.0008229599334299564,0.0008072820492088795,0.0008525289595127106,0.044216544382689627,1324.87109375,602.2265625,21.71826171875,ok
stacked_powchain,reference_like,cuda,float32,100,100,2,0.000828283024020493,0.0008150939829647541,0.000881863059476018,0.0515751838684082,1324.87109375,602.2265625,17.63037109375,ok
stacked_powchain,reference_like,cuda,float64,100,100,2,0.0008917325176298618,0.0008816819172352552,0.0009307970758527517,0.05157494938953988,1324.87109375,602.2265625,19.0048828125,ok
stacked_powchain,reference_like,cuda,float32,1,100,10,0.0008275670697912574,0.0008152539376169443,0.0008769948035478592,2.838141441345215,1324.87109375,602.2265625,16.61083984375,ok
stacked_powchain,reference_like,cuda,float64,1,100,10,0.0008312975987792015,0.0008171470835804939,0.0008623239118605852,2.8381416220159346,1324.87109375,602.2265625,16.97021484375,ok
stacked_powchain,reference_like,cuda,float32,4,100,10,0.000827061478048563,0.0008128311019390821,0.0008767249528318644,0.7886528968811035,1324.87109375,602.2265625,16.63330078125,ok
stacked_powchain,reference_like,cuda,float64,4,100,10,0.0008369209244847298,0.0008226849604398012,0.0008922379929572344,0.7886530540465087,1324.87109375,602.2265625,17.01025390625,ok
stacked_powchain,reference_like,cuda,float32,8,100,10,0.0008274316787719727,0.0008155240211635828,0.0008786178659647703,0.4830918312072754,1324.87109375,602.2265625,16.6640625,ok
stacked_powchain,reference_like,cuda,float64,8,100,10,0.0008362750522792339,0.0008229748345911503,0.0008668210357427597,0.4830918800215409,1324.87109375,602.2265625,17.072265625,ok
stacked_powchain,reference_like,cuda,float32,100,250,1,0.0008217985741794109,0.0008102369029074907,0.0010680709965527058,0.013132810592651367,1324.87109375,602.2265625,20.4638671875,ok
stacked_powchain,reference_like,cuda,float64,100,250,1,0.0008251689141616225,0.0008106380701065063,0.0013501299545168877,0.013133135432807475,1324.87109375,602.2265625,24.67236328125,ok
stacked_powchain,reference_like,cuda,float32,1,250,2,0.0008324345108121634,0.0008197010029107332,0.0012499908916652203,3.316560745239258,1324.87109375,602.2265625,18.421875,ok
stacked_powchain,reference_like,cuda,float64,1,250,2,0.0009316124487668276,0.0009222731459885836,0.0009516479913145304,3.3165610962421646,1324.87109375,602.2265625,20.587890625,ok
stacked_powchain,reference_like,cuda,float32,4,250,2,0.0008375275647267699,0.0008212430402636528,0.0008823440875858068,1.087282657623291,1324.87109375,602.2265625,18.474609375,ok
stacked_powchain,reference_like,cuda,float64,4,250,2,0.000918302102945745,0.0009066688362509012,0.0009502850007265806,1.0872828958896674,1324.87109375,602.2265625,20.693359375,ok
stacked_powchain,reference_like,cuda,float32,8,250,2,0.000834887963719666,0.0008214630652219057,0.0008887629956007004,0.4653589725494385,1324.87109375,602.2265625,18.54541015625,ok
stacked_powchain,reference_like,cuda,float64,8,250,2,0.0009300899691879749,0.0009193189907819033,0.000954020069912076,0.4653585922078065,1324.87109375,602.2265625,20.83447265625,ok
stacked_powchain,reference_like,cuda,float32,16,100,10,0.0008328144904226065,0.0008195098489522934,0.0008892829064279795,0.23735713958740234,1324.87109375,602.2265625,16.7265625,ok
stacked_powchain,reference_like,cuda,float64,16,100,10,0.000845799339003861,0.0008320389315485954,0.0008818528149276972,0.23735710540230714,1324.87109375,602.2265625,17.19677734375,ok
stacked_powchain,reference_like,cuda,float32,16,250,2,0.0008354739984497428,0.0008210521191358566,0.0008846870623528957,0.3192439079284668,1324.87109375,602.2265625,18.68603515625,ok
stacked_powchain,reference_like,cuda,float64,16,250,2,0.0009301849640905857,0.0009186170063912868,0.0009643060620874166,0.3192441319760122,1324.87109375,602.2265625,21.1201171875,ok
stacked_powchain,reference_like,cuda,float32,32,250,2,0.000832483870908618,0.0008213929831981659,0.0008871708996593952,0.1352066993713379,1324.87109375,602.2265625,18.9892578125,ok
stacked_powchain,reference_like,cuda,float64,32,250,2,0.0008356140460819006,0.000820262124761939,0.0016261921264231205,0.13520679618036668,1326.375,603.73046875,21.72216796875,ok
stacked_powchain,reference_like,cuda,float32,32,100,10,0.0008278724271804094,0.0008171871304512024,0.0008815629407763481,0.11553168296813965,1326.375,603.73046875,16.86376953125,ok
stacked_powchain,reference_like,cuda,float64,32,100,10,0.0008542165160179138,0.0008393600583076477,0.0008767549879848957,0.11553161862834438,1326.375,603.73046875,17.47119140625,ok
stacked_powchain,reference_like,cuda,float32,100,250,2,0.000834157457575202,0.0008193999528884888,0.0009013419039547443,0.030039310455322266,1326.375,603.73046875,20.466796875,ok
stacked_powchain,reference_like,cuda,float64,100,250,2,0.0008363609667867422,0.0008223738986998796,0.0008945020381361246,0.030039659260520324,1326.375,603.73046875,24.677734375,ok
stacked_powchain,reference_like,cuda,float32,100,100,10,0.0008284285431727767,0.0008188989013433456,0.0008929588366299868,0.04308438301086426,1326.375,603.73046875,17.64208984375,ok
stacked_powchain,reference_like,cuda,float64,100,100,10,0.0008942759595811367,0.0008808220736682415,0.0009287931025028229,0.04308409900639276,1326.375,603.73046875,19.02880859375,ok
stacked_powchain,reference_like,cuda,float32,1,250,10,0.0008344824891537428,0.0008239469025284052,0.0008802609518170357,4.038843154907227,1326.375,603.73046875,18.4375,ok
stacked_powchain,reference_like,cuda,float64,1,250,10,0.0009351173648610711,0.0009222931694239378,0.0009614410810172558,4.038843504800976,1326.375,603.73046875,20.619140625,ok
stacked_powchain,reference_like,cuda,float32,4,250,10,0.0008342919172719121,0.0008216730784624815,0.0008934298530220985,0.7580335140228271,1326.375,603.73046875,18.490234375,ok
stacked_powchain,reference_like,cuda,float64,4,250,10,0.000921116559766233,0.0009071500971913338,0.0009539101738482714,0.7580334950883554,1326.375,603.73046875,20.724609375,ok
stacked_powchain,reference_like,cuda,float32,8,250,10,0.0008333760779350996,0.0008212029933929443,0.0009010208304971457,0.5162122249603271,1326.375,603.73046875,18.56103515625,ok
stacked_powchain,reference_like,cuda,float64,8,250,10,0.0009316469077020884,0.0009159741457551718,0.0009647270198911428,0.5162125402658981,1326.375,603.73046875,20.8662109375,ok
stacked_powchain,reference_like,cuda,float32,16,250,10,0.000834141974337399,0.0008197510614991188,0.0008847468998283148,0.2604999542236328,1326.375,603.73046875,18.7021484375,ok
stacked_powchain,reference_like,cuda,float64,16,250,10,0.0009334048954769969,0.0009218021295964718,0.0009721179958432913,0.2605003293646271,1326.375,603.73046875,21.15283203125,ok
stacked_powchain,reference_like,cuda,float32,32,250,10,0.0008366161491721869,0.0008175969123840332,0.0008827447891235352,0.15153241157531738,1326.375,603.73046875,19.0068359375,ok
stacked_powchain,reference_like,cuda,float64,32,250,10,0.0008376219775527716,0.0008265899959951639,0.000892869895324111,0.15153257743763993,1326.375,603.73046875,21.75732421875,ok
stacked_powchain,reference_like,cuda,float32,100,250,10,0.0008342820219695568,0.0008241059258580208,0.0008940920233726501,0.048553466796875,1326.375,603.73046875,20.48828125,ok
stacked_powchain,reference_like,cuda,float64,100,250,10,0.000838969019241631,0.0008273320272564888,0.0008836050983518362,0.0485531861668016,1326.375,603.73046875,24.720703125,ok
stacked_powchain,reference_like,cuda,float32,1,2000,1,0.003744180081412196,0.003729623043909669,0.0039286690298467875,1.0326149463653564,1326.375,603.73046875,160.26708984375,ok
stacked_powchain,reference_like,cuda,float64,1,2000,1,0.01395165198482573,0.013913827016949654,0.0139264150056988,1.0326145723052824,1328.9140625,606.26953125,291.2177734375,ok
stacked_powchain,reference_like,cuda,float32,4,2000,1,0.003762982552871108,0.0037500238977372646,0.003659829031676054,0.747298002243042,1328.9140625,606.26953125,160.26708984375,ok
stacked_powchain,reference_like,cuda,float64,4,2000,1,0.01405394496396184,0.01399651006795466,0.014076298102736473,0.74729723446795,1328.9140625,606.26953125,292.0439453125,ok
stacked_powchain,reference_like,cuda,float32,8,2000,1,0.00379565660841763,0.003783303080126643,0.0036905340384691954,0.38326120376586914,1328.9140625,606.26953125,160.26708984375,ok
stacked_powchain,reference_like,cuda,float64,8,2000,1,0.014068526565097272,0.014034806983545423,0.014196587027981877,0.38326104978164155,1328.9140625,606.26953125,293.142578125,ok
stacked_powchain,reference_like,cuda,float32,16,2000,1,0.0038398419274017215,0.00382117903791368,0.0037211300805211067,0.09622430801391602,1328.9140625,606.26953125,160.26708984375,ok
stacked_powchain,reference_like,cuda,float64,16,2000,1,0.014203682425431907,0.0141644689720124,0.014381371904164553,0.09622459358374336,1328.9140625,606.26953125,304.28271484375,ok
stacked_powchain,reference_like,cuda,float32,32,2000,1,0.003972283913753927,0.003958123037591577,0.003856461960822344,0.026253938674926758,1328.9140625,606.26953125,160.26708984375,ok
stacked_powchain,reference_like,cuda,float64,32,2000,1,0.014517474453896284,0.014480399899184704,0.014634037856012583,0.026254337816480344,1328.9140625,606.26953125,304.28271484375,ok
stacked_powchain,reference_like,cuda,float32,100,2000,1,0.004557840991765261,0.0045454781502485275,0.004797392059117556,0.02313852310180664,1328.9140625,606.26953125,167.6767578125,ok
stacked_powchain,reference_like,cuda,float64,100,2000,1,0.01603805844206363,0.01600625109858811,0.016282804077491164,0.02313811798306853,1328.9140625,606.26953125,321.9296875,ok
stacked_powchain,reference_like,cuda,float32,1,100,768,0.0008298255270346999,0.0008159850258380175,0.0013395240530371666,3.1106724739074707,1329.9140625,607.26953125,18.736328125,ok
stacked_powchain,reference_like,cuda,float64,1,100,768,0.0011447545839473605,0.0011339988559484482,0.0031362799927592278,3.110672823155628,1329.9140625,607.26953125,21.2216796875,ok
stacked_powchain,reference_like,cuda,float32,1,2000,2,0.003745356574654579,0.0037222718819975853,0.0036637040320783854,1.6616742610931396,1329.9140625,607.26953125,160.28271484375,ok
stacked_powchain,reference_like,cuda,float64,1,2000,2,0.016218101955018938,0.01616840297356248,0.016449602087959647,1.661674052330373,1329.9140625,607.26953125,291.248046875,ok
stacked_powchain,reference_like,cuda,float32,4,2000,2,0.0037687859730795026,0.0037514858413487673,0.003706508083269,0.22941851615905762,1329.9140625,607.26953125,160.28271484375,ok
stacked_powchain,reference_like,cuda,float64,4,2000,2,0.016260424512438476,0.016219107899814844,0.016519115073606372,0.22941924691461812,1329.9140625,607.26953125,292.07421875,ok
stacked_powchain,reference_like,cuda,float32,8,2000,2,0.003792827483266592,0.003768711118027568,0.00370767991989851,0.39748716354370117,1329.9140625,607.26953125,160.28271484375,ok
stacked_powchain,reference_like,cuda,float64,8,2000,2,0.016334575368091464,0.016296123154461384,0.0166552581358701,0.39748686754073015,1329.9140625,607.26953125,293.1728515625,ok
stacked_powchain,reference_like,cuda,float32,16,2000,2,0.003837433527223766,0.00381873594596982,0.003794850083068013,0.27060723304748535,1329.9140625,607.26953125,160.28271484375,ok
stacked_powchain,reference_like,cuda,float64,16,2000,2,0.016456251963973045,0.016416311962530017,0.016709718853235245,0.27060733369602996,1329.9140625,607.26953125,304.31298828125,ok
stacked_powchain,reference_like,cuda,float32,32,2000,2,0.003965959884226322,0.003948598867282271,0.003881029086187482,0.12169718742370605,1329.9140625,607.26953125,160.28271484375,ok
stacked_powchain,reference_like,cuda,float64,32,2000,2,0.01680381945334375,0.01677103992551565,0.0171352531760931,0.12169773548924967,1329.9140625,607.26953125,304.3134765625,ok
stacked_powchain,reference_like,cuda,float32,4,100,768,0.0008292150450870395,0.0008121898863464594,0.0011494620703160763,0.8010126352310181,1329.9140625,607.26953125,18.81396484375,ok
stacked_powchain,reference_like,cuda,float64,4,100,768,0.0011347844265401363,0.0011270290706306696,0.004186042817309499,0.8010128332503756,1331.9296875,609.28515625,21.37548828125,ok
stacked_powchain,reference_like,cuda,float32,100,2000,2,0.004538962501101196,0.0045218130107969046,0.004755469970405102,0.02187514305114746,1331.9296875,609.28515625,167.69287109375,ok
stacked_powchain,reference_like,cuda,float64,100,2000,2,0.01838234392926097,0.01833468908444047,0.018583428114652634,0.021875040830104275,1331.9296875,609.28515625,321.9619140625,ok
stacked_powchain,reference_like,cuda,float32,8,100,768,0.0008255239808931947,0.0008085838053375483,0.0022773309610784054,0.4316328763961792,1331.9296875,609.28515625,18.91796875,ok
stacked_powchain,reference_like,cuda,float64,8,100,768,0.0011404029792174697,0.0011307841632515192,0.0033351359888911247,0.43163293636474687,1331.9296875,609.28515625,21.58349609375,ok
stacked_powchain,reference_like,cuda,float32,16,100,768,0.0008242321200668812,0.0008114981465041637,0.003526500891894102,0.2287997007369995,1331.9296875,609.28515625,19.1259765625,ok
stacked_powchain,reference_like,cuda,float64,16,100,768,0.0012238778872415423,0.0012144781649112701,0.0036171351093798876,0.22879968429884268,1331.9296875,609.28515625,21.99951171875,ok
stacked_powchain,reference_like,cuda,float32,32,100,768,0.0008332100696861744,0.000824016984552145,0.002131914021447301,0.1258333921432495,1331.9296875,609.28515625,19.54736328125,ok
stacked_powchain,reference_like,cuda,float64,32,100,768,0.0011630114167928696,0.0011486001312732697,0.0026355551090091467,0.12583352714845542,1331.9296875,609.28515625,22.84130859375,ok
stacked_powchain,reference_like,cuda,float32,100,100,768,0.0008265960495918989,0.0008136718533933163,0.0014876751229166985,0.06115400791168213,1331.9296875,609.28515625,21.39892578125,ok
stacked_powchain,reference_like,cuda,float64,100,100,768,0.001279294490814209,0.0012685891706496477,0.002043853048235178,0.06115383437515565,1332.4296875,609.78515625,26.77978515625,ok
stacked_powchain,reference_like,cuda,float32,1,2000,10,0.003705958020873368,0.0036779160145670176,0.0036455278750509024,2.7603864669799805,1332.4296875,609.78515625,160.40478515625,ok
stacked_powchain,reference_like,cuda,float64,1,2000,10,0.01633620250504464,0.01630707993172109,0.016591712832450867,2.7603869130672845,1332.4296875,609.78515625,291.4921875,ok
stacked_powchain,reference_like,cuda,float32,4,2000,10,0.0037269439781084657,0.003708111122250557,0.0037025618366897106,0.6046848297119141,1332.4296875,609.78515625,160.40478515625,ok
stacked_powchain,reference_like,cuda,float64,4,2000,10,0.01639803987927735,0.01635718415491283,0.016690128948539495,0.6046846910990089,1332.4296875,609.78515625,292.31884765625,ok
stacked_powchain,reference_like,cuda,float32,8,2000,10,0.0037498935125768185,0.0037260870449244976,0.0037166927941143513,0.3133823871612549,1332.4296875,609.78515625,160.40478515625,ok
stacked_powchain,reference_like,cuda,float64,8,2000,10,0.01646724296733737,0.01643264596350491,0.016819373006001115,0.31338268132779934,1332.4296875,609.78515625,293.41796875,ok
stacked_powchain,reference_like,cuda,float32,16,2000,10,0.0038069584406912327,0.0037857869174331427,0.0037705940194427967,0.16363883018493652,1332.4296875,609.78515625,160.40576171875,ok
stacked_powchain,reference_like,cuda,float64,16,2000,10,0.016605404089204967,0.016548529034480453,0.016883939038962126,0.1636390282098641,1332.4296875,609.78515625,304.55908203125,ok
stacked_powchain,reference_like,cuda,float32,32,2000,10,0.003924502874724567,0.003902830881997943,0.003883451921865344,0.07873058319091797,1332.4296875,609.78515625,160.40673828125,ok
stacked_powchain,reference_like,cuda,float64,32,2000,10,0.01692666206508875,0.016881285002455115,0.01718592783436179,0.07873054577790839,1332.4296875,609.78515625,304.5615234375,ok
stacked_powchain,reference_like,cuda,float32,100,2000,10,0.004482157877646387,0.004452969878911972,0.004618427017703652,0.029413223266601562,1332.4296875,609.78515625,167.8212890625,ok
stacked_powchain,reference_like,cuda,float64,100,2000,10,0.018532578134909272,0.018490890972316265,0.018767713103443384,0.029413426203337867,1332.4296875,609.78515625,322.21826171875,ok
stacked_powchain,reference_like,cuda,float32,1,250,768,0.0008316281018778682,0.0008173971436917782,0.0027169648092240095,3.135969877243042,1333.4296875,610.78515625,22.85791015625,ok
stacked_powchain,reference_like,cuda,float64,1,250,768,0.0017957334639504552,0.0017852780874818563,0.003255086950957775,3.1359701644748137,1333.9296875,611.28515625,30.27783203125,ok
stacked_powchain,reference_like,cuda,float32,4,250,768,0.0008312179706990719,0.0008187491912394762,0.0018918870482593775,0.7958619594573975,1333.9296875,611.28515625,22.94580078125,ok
stacked_powchain,reference_like,cuda,float64,4,250,768,0.0017849075375124812,0.0017752938438206911,0.002076702192425728,0.7958618729795479,1333.9296875,611.28515625,30.43603515625,ok
stacked_powchain,reference_like,cuda,float32,8,250,768,0.0008312779245898128,0.000821263063699007,0.00135120190680027,0.4009835720062256,1334.9296875,612.28515625,23.06396484375,ok
stacked_powchain,reference_like,cuda,float64,8,250,768,0.0022748421179130673,0.0022613469045609236,0.003294614842161536,0.40098362510055785,1334.9296875,612.28515625,30.64794921875,ok
stacked_powchain,reference_like,cuda,float32,16,250,768,0.0008366759866476059,0.0008225550409406424,0.0018853158690035343,0.2041323184967041,1334.9296875,612.28515625,23.29833984375,ok
stacked_powchain,reference_like,cuda,float64,16,250,768,0.0022856536088511348,0.0022666638251394033,0.0029553710483014584,0.20413231838257428,1334.9296875,612.28515625,31.0712890625,ok
stacked_powchain,reference_like,cuda,float32,32,250,768,0.0008307115640491247,0.0008170260116457939,0.002795302076265216,0.10640478134155273,1334.9296875,612.28515625,23.7744140625,ok
stacked_powchain,reference_like,cuda,float64,32,250,768,0.0023159378906711936,0.0023015059996396303,0.0031835301779210567,0.10640451238917348,1334.9296875,612.28515625,31.92822265625,ok
stacked_powchain,reference_like,cuda,float32,100,250,768,0.0008348129922524095,0.0008217140566557646,0.00145508605055511,0.04360854625701904,1334.9296875,612.28515625,26.5341796875,ok
stacked_powchain,reference_like,cuda,float64,100,250,768,0.0026534609496593475,0.0026422040536999702,0.0033985699992626905,0.043608515431042605,1334.9296875,612.28515625,35.70263671875,ok
stacked_powchain,reference_like,cuda,float32,1,2000,768,0.005309705971740186,0.0051350961439311504,0.005622931988909841,3.048865556716919,1358.53515625,635.890625,171.25,ok
stacked_powchain,reference_like,cuda,float64,1,2000,768,0.06160442251712084,0.06156618497334421,0.06375403283163905,3.0488658718669712,1358.53515625,635.890625,314.63525390625,ok
stacked_powchain,reference_like,cuda,float32,4,2000,768,0.005348648992367089,0.005175985861569643,0.005642421077936888,0.753887414932251,1370.11328125,647.46875,171.3134765625,ok
stacked_powchain,reference_like,cuda,float64,4,2000,768,0.06164797686506063,0.061606273986399174,0.0635388819500804,0.7538876136700541,1370.11328125,647.46875,315.49658203125,ok
stacked_powchain,reference_like,cuda,float32,8,2000,768,0.005335558904334903,0.005232710856944323,0.005183498142287135,0.3836245536804199,1370.11328125,647.46875,171.39794921875,ok
stacked_powchain,reference_like,cuda,float64,8,2000,768,0.061729859095066786,0.061686364002525806,0.06319468002766371,0.38362505229258526,1370.234375,647.58984375,316.64208984375,ok
stacked_powchain,reference_like,cuda,float32,16,2000,768,0.005401983042247593,0.005259880796074867,0.005462123081088066,0.19465851783752441,1370.234375,647.58984375,171.5673828125,ok
stacked_powchain,reference_like,cuda,float64,16,2000,768,0.061874574050307274,0.06183866993524134,0.06399959814734757,0.19465889393489855,1370.234375,647.58984375,327.8759765625,ok
stacked_powchain,reference_like,cuda,float32,32,2000,768,0.00554787996225059,0.005427971947938204,0.005580178927630186,0.09871840476989746,1370.234375,647.58984375,171.908203125,ok
stacked_powchain,reference_like,cuda,float64,32,2000,768,0.06256959901656955,0.06252281903289258,0.06461533508263528,0.09871865663459323,1370.234375,647.58984375,328.0634765625,ok
stacked_powchain,reference_like,cuda,float32,100,2000,768,0.006199035095050931,0.006105230189859867,0.00609868997707963,0.033695340156555176,1370.234375,647.58984375,179.96484375,ok
stacked_powchain,reference_like,cuda,float64,100,2000,768,0.06733805360272527,0.06730286590754986,0.06902046292088926,0.03369529940399496,1376.00390625,653.359375,346.50634765625,ok
fixed_cdist,fixed,cuda,float32,1,100,1,0.0006301579996943474,0.0006156668532639742,0.184528921963647,2.0376431941986084,1240.2265625,517.2734375,16.30078125,ok
fixed_cdist,fixed,cuda,float64,1,100,1,0.0006292320322245359,0.0006168680265545845,0.030012904899194837,2.0376430351117714,1279.91796875,556.96484375,17.517578125,ok
fixed_cdist,fixed,cuda,float32,4,100,1,0.0006400829879567027,0.0006274040788412094,0.018045817967504263,0.3570058345794678,1299.50390625,576.55078125,16.94482421875,ok
fixed_cdist,fixed,cuda,float64,4,100,1,0.000650158035568893,0.0006350751500576735,0.0008110881317406893,0.357005741524397,1299.50390625,576.55078125,17.517578125,ok
fixed_cdist,fixed,cuda,float32,8,100,1,0.0006422309670597315,0.0006316998042166233,0.0007501170039176941,0.045539140701293945,1299.50390625,576.55078125,16.94482421875,ok
fixed_cdist,fixed,cuda,float64,8,100,1,0.0006507434882223606,0.0006380400154739618,0.0006957659497857094,0.045538795343057714,1299.50390625,576.55078125,17.517578125,ok
fixed_cdist,fixed,cuda,float32,16,100,1,0.000646542408503592,0.0006371878553181887,0.000684990081936121,0.2781093120574951,1299.50390625,576.55078125,16.94482421875,ok
fixed_cdist,fixed,cuda,float64,16,100,1,0.0006516148569062352,0.0006419161800295115,0.0006908988580107689,0.27810919418358404,1299.50390625,576.55078125,17.517578125,ok
fixed_cdist,fixed,cuda,float32,32,100,1,0.0007473781006410718,0.0007340929005295038,0.004008288029581308,0.13926434516906738,1304.515625,581.5625,16.94482421875,ok
fixed_cdist,fixed,cuda,float64,32,100,1,0.0007533314637839794,0.000740512041375041,0.0008837259374558926,0.13926395749489284,1304.515625,581.5625,17.517578125,ok
fixed_cdist,fixed,cuda,float32,1,100,2,0.0006273785838857293,0.0006155557930469513,0.0007979678921401501,1.7986280918121338,1304.515625,581.5625,16.9453125,ok
fixed_cdist,fixed,cuda,float64,1,100,2,0.0006306490395218134,0.0006148461252450943,0.0007858299650251865,1.7986277611753723,1304.515625,581.5625,17.51904296875,ok
fixed_cdist,fixed,cuda,float32,4,100,2,0.0006456010742112994,0.0006345049478113651,0.0007792911492288113,0.6644930839538574,1305.015625,582.0625,16.9462890625,ok
fixed_cdist,fixed,cuda,float64,4,100,2,0.0006494320696219802,0.0006372889038175344,0.0007530208677053452,0.6644934227970571,1305.015625,582.0625,17.51904296875,ok
fixed_cdist,fixed,cuda,float32,8,100,2,0.000645581167191267,0.0006331219337880611,0.0006930711679160595,0.4093153476715088,1305.015625,582.0625,16.9462890625,ok
fixed_cdist,fixed,cuda,float64,8,100,2,0.0006528964731842279,0.000641323858872056,0.0006801930721849203,0.40931500084879424,1305.515625,582.5625,17.51904296875,ok
fixed_cdist,fixed,cuda,float32,16,100,2,0.0006490865489467978,0.0006365079898387194,0.0006904678884893656,0.21517014503479004,1305.515625,582.5625,16.9462890625,ok
fixed_cdist,fixed,cuda,float64,16,100,2,0.0006533880950883031,0.0006414749659597874,0.0006859009154140949,0.21517019933053216,1305.515625,582.5625,17.51904296875,ok
fixed_cdist,fixed,cuda,float32,32,100,2,0.000756626483052969,0.0007409329991787672,0.0008793501183390617,0.1315171718597412,1305.515625,582.5625,16.9462890625,ok
fixed_cdist,fixed,cuda,float64,32,100,2,0.0007519850041717291,0.0007392610423266888,0.0007980279624462128,0.13151747997507934,1305.515625,582.5625,17.51904296875,ok
fixed_cdist,fixed,cuda,float32,100,100,1,0.0007453694706782699,0.0007317389827221632,0.0007830560207366943,0.023517131805419922,1305.515625,582.5625,17.21044921875,ok
fixed_cdist,fixed,cuda,float64,100,100,1,0.0007426008814945817,0.0007277531549334526,0.0033032288774847984,0.023517210801414112,1309.53125,586.578125,18.166015625,ok
fixed_cdist,fixed,cuda,float32,1,250,1,0.0006319310050457716,0.0006193420849740505,0.06730288593098521,6.157979488372803,1310.578125,587.625,20.3232421875,ok
fixed_cdist,fixed,cuda,float64,1,250,1,0.0006304134149104357,0.0006198929622769356,0.0007053299341350794,6.157979615575565,1310.578125,587.625,24.12841796875,ok
fixed_cdist,fixed,cuda,float32,4,250,1,0.0006437185220420361,0.0006295670755207539,0.0006984900683164597,0.5367021560668945,1310.578125,587.625,20.7255859375,ok
fixed_cdist,fixed,cuda,float64,4,250,1,0.0006472329841926694,0.0006347349844872952,0.1334096109494567,0.5367018165496731,1315.58203125,592.62890625,24.12841796875,ok
fixed_cdist,fixed,cuda,float32,8,250,1,0.000645095482468605,0.000629838090389967,0.0006999222096055746,0.17213177680969238,1315.58203125,592.62890625,20.7255859375,ok
fixed_cdist,fixed,cuda,float64,8,250,1,0.0006491364911198616,0.0006343340501189232,0.0007605920545756817,0.17213176323769996,1315.58203125,592.62890625,24.12841796875,ok
fixed_cdist,fixed,cuda,float32,16,250,1,0.0006410389905795455,0.0006300690583884716,0.0006882341112941504,0.1644303798675537,1315.58203125,592.62890625,20.7255859375,ok
fixed_cdist,fixed,cuda,float64,16,250,1,0.0006513388361781836,0.0006393620278686285,0.0007034169975668192,0.1644306628156853,1315.58203125,592.62890625,24.12841796875,ok
fixed_cdist,fixed,cuda,float32,32,250,1,0.000749861472286284,0.000735175097361207,0.0009084220509976149,0.04421639442443848,1315.58203125,592.62890625,20.7255859375,ok
fixed_cdist,fixed,cuda,float64,32,250,1,0.0007479684427380562,0.000737848924472928,0.0007905461825430393,0.04421654438268918,1315.58203125,592.62890625,24.12841796875,ok
fixed_cdist,fixed,cuda,float32,100,100,2,0.0007557849166914821,0.0007409730460494757,0.000799539964646101,0.0515751838684082,1315.58203125,592.62890625,17.34814453125,ok
fixed_cdist,fixed,cuda,float64,100,100,2,0.0007850490510463715,0.0007742731831967831,0.0008004519622772932,0.051574949389540325,1315.58203125,592.62890625,18.16796875,ok
fixed_cdist,fixed,cuda,float32,1,100,10,0.0006273040780797601,0.0006125620566308498,0.000696736853569746,2.838141918182373,1315.58203125,592.62890625,16.94921875,ok
fixed_cdist,fixed,cuda,float64,1,100,10,0.0006327974842861295,0.0006167080719023943,0.0007577689830213785,2.838141622015934,1315.58203125,592.62890625,17.52783203125,ok
fixed_cdist,fixed,cuda,float32,4,100,10,0.0006423969753086567,0.0006271640304476023,0.0007240280974656343,0.7886531352996826,1315.58203125,592.62890625,16.955078125,ok
fixed_cdist,fixed,cuda,float64,4,100,10,0.0006505035562440753,0.0006372679490596056,0.0007121800445020199,0.7886530540465082,1315.58203125,592.62890625,17.52783203125,ok
fixed_cdist,fixed,cuda,float32,8,100,10,0.0006449704524129629,0.0006337640807032585,0.0006871027871966362,0.4830920696258545,1315.58203125,592.62890625,16.955078125,ok
fixed_cdist,fixed,cuda,float64,8,100,10,0.0006478044670075178,0.0006375499069690704,0.0007144338451325893,0.48309188002154,1315.58203125,592.62890625,17.5283203125,ok
fixed_cdist,fixed,cuda,float32,100,250,1,0.0007529910653829575,0.000738298986107111,0.0013941361103206873,0.013133049011230469,1315.58203125,592.62890625,20.330078125,ok
fixed_cdist,fixed,cuda,float64,100,250,1,0.0007421050686389208,0.0007324600592255592,0.00114881107583642,0.013133135432809695,1315.58203125,592.62890625,24.12890625,ok
fixed_cdist,fixed,cuda,float32,1,250,2,0.0006294065387919545,0.0006156470626592636,0.0006898469291627407,3.316560745239258,1315.58203125,592.62890625,20.7265625,ok
fixed_cdist,fixed,cuda,float64,1,250,2,0.0006333930650725961,0.0006222070660442114,0.0006662821397185326,3.3165610962421646,1315.58203125,592.62890625,24.13134765625,ok
fixed_cdist,fixed,cuda,float32,4,250,2,0.0006506635108962655,0.000640754122287035,0.0011026510037481785,1.087282657623291,1315.58203125,592.62890625,20.728515625,ok
fixed_cdist,fixed,cuda,float64,4,250,2,0.0006454860558733344,0.000633863965049386,0.0007113490719348192,1.0872828958896679,1315.58203125,592.62890625,24.13134765625,ok
fixed_cdist,fixed,cuda,float32,8,250,2,0.0006505540804937482,0.0006374891381710768,0.0006916599813848734,0.4653589725494385,1315.58203125,592.62890625,20.728515625,ok
fixed_cdist,fixed,cuda,float64,8,250,2,0.0006511500105261803,0.0006402430590242147,0.0007326409686356783,0.4653585922078074,1315.58203125,592.62890625,24.13134765625,ok
fixed_cdist,fixed,cuda,float32,16,100,10,0.0006482105236500502,0.0006335529033094645,0.000690357992425561,0.23735713958740234,1315.58203125,592.62890625,17.35302734375,ok
fixed_cdist,fixed,cuda,float64,16,100,10,0.0006514150882139802,0.0006371189374476671,0.000685711158439517,0.2373571054023067,1315.58203125,592.62890625,17.52880859375,ok
fixed_cdist,fixed,cuda,float32,16,250,2,0.0006540545728057623,0.0006419059354811907,0.0006950849201530218,0.3192439079284668,1315.58203125,592.62890625,20.3310546875,ok
fixed_cdist,fixed,cuda,float64,16,250,2,0.0006513498956337571,0.0006420351564884186,0.0006927310023456812,0.3192441319760122,1315.58203125,592.62890625,24.13134765625,ok
fixed_cdist,fixed,cuda,float32,32,250,2,0.0007611175533384085,0.0007498469203710556,0.0008099449332803488,0.1352066993713379,1315.58203125,592.62890625,20.728515625,ok
fixed_cdist,fixed,cuda,float64,32,250,2,0.000752921449020505,0.0007431770209223032,0.0007940419018268585,0.1352067961803658,1315.58203125,592.62890625,24.13134765625,ok
fixed_cdist,fixed,cuda,float32,32,100,10,0.0007588544394820929,0.0007418240420520306,0.0008132010698318481,0.11553168296813965,1315.58203125,592.62890625,17.353515625,ok
fixed_cdist,fixed,cuda,float64,32,100,10,0.000755870365537703,0.000742063857614994,0.0007969061844050884,0.11553161862834394,1316.08203125,593.12890625,17.52978515625,ok
fixed_cdist,fixed,cuda,float32,100,250,2,0.0007686995668336749,0.0007567368447780609,0.0008209820371121168,0.030039310455322266,1316.08203125,593.12890625,20.33154296875,ok
fixed_cdist,fixed,cuda,float64,100,250,2,0.0008257339941337705,0.000814763130620122,0.0008552731014788151,0.030039659260520324,1316.08203125,593.12890625,24.1328125,ok
fixed_cdist,fixed,cuda,float32,100,100,10,0.0007614435162395239,0.000744879012927413,0.0007928810082376003,0.04308438301086426,1316.08203125,593.12890625,17.35595703125,ok
fixed_cdist,fixed,cuda,float64,100,100,10,0.0007870164699852467,0.0007736219558864832,0.0007971071172505617,0.04308409900639232,1316.08203125,593.12890625,18.1796875,ok
fixed_cdist,fixed,cuda,float32,1,250,10,0.0006284755654633045,0.00061656697653234,0.0006913188844919205,4.038843154907227,1316.08203125,593.12890625,20.3388671875,ok
fixed_cdist,fixed,cuda,float64,1,250,10,0.0006325374124571681,0.0006216759793460369,0.0006803441792726517,4.038843504800983,1316.08203125,593.12890625,24.15478515625,ok
fixed_cdist,fixed,cuda,float32,4,250,10,0.00065189553424716,0.0006402628496289253,0.0007041681092232466,0.758033275604248,1316.08203125,593.12890625,20.751953125,ok
fixed_cdist,fixed,cuda,float64,4,250,10,0.0006488610524684191,0.0006386309396475554,0.0007006730884313583,0.7580334950883549,1316.08203125,593.12890625,24.15478515625,ok
fixed_cdist,fixed,cuda,float32,8,250,10,0.0006521304603666067,0.0006447199266403913,0.000689556822180748,0.5162122249603271,1316.08203125,593.12890625,20.751953125,ok
fixed_cdist,fixed,cuda,float64,8,250,10,0.0006491320673376322,0.0006343340501189232,0.000753551023080945,0.5162125402658986,1316.08203125,593.12890625,24.1552734375,ok
fixed_cdist,fixed,cuda,float32,16,250,10,0.0006518859881907701,0.0006385908927768469,0.0006986709777265787,0.2605001926422119,1316.08203125,593.12890625,20.75244140625,ok
fixed_cdist,fixed,cuda,float64,16,250,10,0.0006556761218234897,0.000646442174911499,0.0006790307816118002,0.2605003293646275,1316.08203125,593.12890625,24.15576171875,ok
fixed_cdist,fixed,cuda,float32,32,250,10,0.0007639728719368577,0.0007510280702263117,0.0008038568776100874,0.15153217315673828,1316.08203125,593.12890625,20.7529296875,ok
fixed_cdist,fixed,cuda,float64,32,250,10,0.0007525555556640029,0.0007355748675763607,0.0007898260373622179,0.15153257743763993,1316.08203125,593.12890625,24.15673828125,ok
fixed_cdist,fixed,cuda,float32,100,250,10,0.000770356971770525,0.0007604621350765228,0.000813390826806426,0.0485532283782959,1316.08203125,593.12890625,20.75537109375,ok
fixed_cdist,fixed,cuda,float64,100,250,10,0.0008304758230224252,0.0008234761189669371,0.0008491340558975935,0.0485531861668016,1316.08203125,593.12890625,24.162109375,ok
fixed_cdist,fixed,cuda,float32,1,2000,1,0.0006378900725394487,0.0006259919609874487,0.0018944710027426481,1.0326147079467773,1316.08203125,593.12890625,260.90869140625,ok
fixed_cdist,fixed,cuda,float64,1,2000,1,0.0006321709370240569,0.0006159171462059021,0.005293151130899787,1.0326145723052829,1317.58203125,594.62890625,519.8408203125,ok
fixed_cdist,fixed,cuda,float32,4,2000,1,0.0006463024765253067,0.0006348351016640663,0.0022736850660294294,0.7472972869873047,1317.58203125,594.62890625,290.958984375,ok
fixed_cdist,fixed,cuda,float64,4,2000,1,0.000647263485006988,0.0006384409498423338,0.005960685200989246,0.7472972344679505,1317.58203125,594.62890625,519.8408203125,ok
fixed_cdist,fixed,cuda,float32,8,2000,1,0.0006467223865911365,0.0006327019073069096,0.0022810560185462236,0.38326048851013184,1317.58203125,594.62890625,290.958984375,ok
fixed_cdist,fixed,cuda,float64,8,2000,1,0.000649462454020977,0.0006395720411092043,0.0059939040802419186,0.383261049781642,1317.58203125,594.62890625,519.8408203125,ok
fixed_cdist,fixed,cuda,float32,16,2000,1,0.0006496920250356197,0.0006358660757541656,0.0023022580426186323,0.09622406959533691,1318.08203125,595.12890625,290.958984375,ok
fixed_cdist,fixed,cuda,float64,16,2000,1,0.0006526170764118433,0.0006433881353586912,0.006028054980561137,0.09622459358374336,1318.08203125,595.12890625,519.8408203125,ok
fixed_cdist,fixed,cuda,float32,32,2000,1,0.0007478584302589297,0.0007323101162910461,0.002343058120459318,0.02625417709350586,1318.08203125,595.12890625,290.958984375,ok
fixed_cdist,fixed,cuda,float64,32,2000,1,0.0007503568194806576,0.0007373180706053972,0.006130196852609515,0.02625433781648079,1318.08203125,595.12890625,519.8408203125,ok
fixed_cdist,fixed,cuda,float32,100,2000,1,0.0007557200733572245,0.0007448079995810986,0.0023772488348186016,0.02313828468322754,1318.08203125,595.12890625,290.958984375,ok
fixed_cdist,fixed,cuda,float64,100,2000,1,0.0007516089826822281,0.0007377678994089365,0.006291386904194951,0.02313811798306853,1318.08203125,595.12890625,519.84130859375,ok
fixed_cdist,fixed,cuda,float32,1,100,768,0.0006295923376455903,0.0006199029739946127,0.0010693920776247978,3.110672950744629,1319.08203125,596.12890625,47.72412109375,ok
fixed_cdist,fixed,cuda,float64,1,100,768,0.0006334584904834628,0.0006214659661054611,0.0012310231104493141,3.110672823155628,1319.08203125,596.12890625,18.703125,ok
fixed_cdist,fixed,cuda,float32,1,2000,2,0.0006344598950818181,0.0006213448941707611,0.0022560490760952234,1.6616730690002441,1319.08203125,596.12890625,261.08154296875,ok
fixed_cdist,fixed,cuda,float64,1,2000,2,0.0006297020008787513,0.0006197330076247454,0.005954304942861199,1.661674052330374,1319.08203125,596.12890625,519.86376953125,ok
fixed_cdist,fixed,cuda,float32,4,2000,2,0.0006456559058278799,0.0006321519613265991,0.00229155202396214,0.22941875457763672,1319.08203125,596.12890625,290.98193359375,ok
fixed_cdist,fixed,cuda,float64,4,2000,2,0.0011451600585132837,0.0011375939939171076,0.006559987086802721,0.229419246914619,1319.08203125,596.12890625,519.86376953125,ok
fixed_cdist,fixed,cuda,float32,8,2000,2,0.0006476495182141662,0.0006370681803673506,0.0022792830131947994,0.39748620986938477,1319.08203125,596.12890625,290.98193359375,ok
fixed_cdist,fixed,cuda,float64,8,2000,2,0.001150793395936489,0.0011408280115574598,0.006566927069798112,0.39748686754073015,1319.08203125,596.12890625,519.86376953125,ok
fixed_cdist,fixed,cuda,float32,16,2000,2,0.0006471630185842514,0.0006339340470731258,0.002288436982780695,0.27060723304748535,1319.08203125,596.12890625,290.98193359375,ok
fixed_cdist,fixed,cuda,float64,16,2000,2,0.0011578886769711971,0.0011498720850795507,0.006595949875190854,0.2706073336960295,1319.08203125,596.12890625,519.86376953125,ok
fixed_cdist,fixed,cuda,float32,32,2000,2,0.0007576781790703535,0.000745920930057764,0.002338411984965205,0.12169694900512695,1319.08203125,596.12890625,290.98193359375,ok
fixed_cdist,fixed,cuda,float64,32,2000,2,0.0007564559346064925,0.0007429460529237986,0.006195483962073922,0.12169773548925011,1319.08203125,596.12890625,519.86376953125,ok
fixed_cdist,fixed,cuda,float32,4,100,768,0.000651515438221395,0.0006401629652827978,0.0024256620090454817,0.8010128736495972,1319.08203125,596.12890625,47.748046875,ok
fixed_cdist,fixed,cuda,float64,4,100,768,0.0006531471153721213,0.0006332029588520527,0.0009507059585303068,0.8010128332503765,1320.08203125,597.12890625,18.78076171875,ok
fixed_cdist,fixed,cuda,float32,100,2000,2,0.0007650390034541488,0.0007497759070247412,0.002388616092503071,0.02187490463256836,1320.08203125,597.12890625,261.08203125,ok
fixed_cdist,fixed,cuda,float64,100,2000,2,0.000889189075678587,0.0008847869466990232,0.0064699731301516294,0.021875040830104275,1320.08203125,597.12890625,519.865234375,ok
fixed_cdist,fixed,cuda,float32,8,100,768,0.0006535580614581704,0.0006430968642234802,0.0008330801501870155,0.4316331148147583,1320.08203125,597.12890625,47.759765625,ok
fixed_cdist,fixed,cuda,float64,8,100,768,0.0006519110174849629,0.0006368278991430998,0.0015949541702866554,0.431632936364746,1320.08203125,597.12890625,18.88330078125,ok
fixed_cdist,fixed,cuda,float32,16,100,768,0.0006525469943881035,0.0006401229184120893,0.002479071030393243,0.2287999391555786,1320.08203125,597.12890625,17.8828125,ok
fixed_cdist,fixed,cuda,float64,16,100,768,0.0006510739913210273,0.000640583923086524,0.000890504801645875,0.22879968429884268,1320.08203125,597.12890625,19.09130859375,ok
fixed_cdist,fixed,cuda,float32,32,100,768,0.0007622301345691085,0.0007466420065611601,0.002823473885655403,0.1258336305618286,1320.58203125,597.62890625,17.9296875,ok
fixed_cdist,fixed,cuda,float64,32,100,768,0.0007585943676531315,0.0007457099854946136,0.002418770920485258,0.12583352714845542,1320.58203125,597.62890625,19.5146484375,ok
fixed_cdist,fixed,cuda,float32,100,100,768,0.0007513584569096565,0.0007387299556285143,0.001948651159182191,0.06115400791168213,1320.58203125,597.62890625,19.04541015625,ok
fixed_cdist,fixed,cuda,float64,100,100,768,0.0012247230624780059,0.0012212980072945356,0.002045045141130686,0.06115383437515565,1320.58203125,597.62890625,21.8359375,ok
fixed_cdist,fixed,cuda,float32,1,2000,10,0.0006335935322567821,0.0006252401508390903,0.00226962985470891,2.7603864669799805,1320.58203125,597.62890625,261.142578125,ok
fixed_cdist,fixed,cuda,float64,1,2000,10,0.0006298630032688379,0.0006178999319672585,0.006074764998629689,2.7603869130672845,1320.58203125,597.62890625,520.046875,ok
fixed_cdist,fixed,cuda,float32,4,2000,10,0.0006446954794228077,0.0006358169484883547,0.002279113046824932,0.6046848297119141,1320.58203125,597.62890625,291.1650390625,ok
fixed_cdist,fixed,cuda,float64,4,2000,10,0.0011473535560071468,0.001139847096055746,0.0066665951162576675,0.6046846910990094,1320.58203125,597.62890625,520.046875,ok
fixed_cdist,fixed,cuda,float32,8,2000,10,0.0006443890742957592,0.0006344250869005919,0.002273163991048932,0.313382625579834,1320.58203125,597.62890625,291.1650390625,ok
fixed_cdist,fixed,cuda,float64,8,2000,10,0.001151023549027741,0.0011414799373596907,0.006677581928670406,0.31338268132779756,1320.58203125,597.62890625,520.04736328125,ok
fixed_cdist,fixed,cuda,float32,16,2000,10,0.0006459470605477691,0.0006349950563162565,0.0022950267884880304,0.16363859176635742,1320.58203125,597.62890625,291.16552734375,ok
fixed_cdist,fixed,cuda,float64,16,2000,10,0.001161805004812777,0.0011539580300450325,0.006729880115017295,0.16363902820986453,1320.58203125,597.62890625,520.0478515625,ok
fixed_cdist,fixed,cuda,float32,32,2000,10,0.0007564410334452987,0.0007397718727588654,0.0023460229858756065,0.07873058319091797,1320.58203125,597.62890625,291.166015625,ok
fixed_cdist,fixed,cuda,float64,32,2000,10,0.0007578784134238958,0.0007438869215548038,0.006304797017946839,0.07873054577790928,1320.58203125,597.62890625,520.048828125,ok
fixed_cdist,fixed,cuda,float32,100,2000,10,0.0007629655301570892,0.0007487249094992876,0.002367254812270403,0.029413223266601562,1320.58203125,597.62890625,291.16845703125,ok
fixed_cdist,fixed,cuda,float64,100,2000,10,0.0008906361181288958,0.0008852879982441664,0.006615659920498729,0.029413426203337423,1320.58203125,597.62890625,520.05419921875,ok
fixed_cdist,fixed,cuda,float32,1,250,768,0.0006311604520305991,0.0006178501062095165,0.002554392907768488,3.135969877243042,1322.08203125,599.12890625,51.66455078125,ok
fixed_cdist,fixed,cuda,float64,1,250,768,0.0006384809967130423,0.0006220859941095114,0.0009402900468558073,3.1359701644748137,1322.58203125,599.62890625,26.328125,ok
fixed_cdist,fixed,cuda,float32,4,250,768,0.0006527169607579708,0.0006418260745704174,0.002789934165775776,0.7958617210388184,1322.58203125,599.62890625,22.75830078125,ok
fixed_cdist,fixed,cuda,float64,4,250,768,0.0006595570594072342,0.0006433180533349514,0.0015071139205247164,0.7958618729795479,1323.1015625,600.1484375,26.345703125,ok
fixed_cdist,fixed,cuda,float32,8,250,768,0.0006507084472104907,0.0006359568797051907,0.001480113947764039,0.4009833335876465,1324.1015625,601.1484375,22.77001953125,ok
fixed_cdist,fixed,cuda,float64,8,250,768,0.000655746553093195,0.0006420561112463474,0.0015864120796322823,0.4009836251005583,1325.6015625,602.6484375,26.369140625,ok
fixed_cdist,fixed,cuda,float32,16,250,768,0.0006598075851798058,0.0006460121367126703,0.0007992901373654604,0.2041325569152832,1325.6015625,602.6484375,22.79345703125,ok
fixed_cdist,fixed,cuda,float64,16,250,768,0.0006580250337719917,0.0006432179361581802,0.0009553520940244198,0.20413231838257473,1325.6015625,602.6484375,26.416015625,ok
fixed_cdist,fixed,cuda,float32,32,250,768,0.0007673775544390082,0.0007538031786680222,0.002626050030812621,0.10640454292297363,1325.6015625,602.6484375,22.84033203125,ok
fixed_cdist,fixed,cuda,float64,32,250,768,0.0007872470887377858,0.00077575515024364,0.0017921789549291134,0.10640451238917348,1325.6015625,602.6484375,26.509765625,ok
fixed_cdist,fixed,cuda,float32,100,250,768,0.0007570419693365693,0.0007422449998557568,0.0013771210797131062,0.04360842704772949,1326.6015625,603.6484375,23.03955078125,ok
fixed_cdist,fixed,cuda,float64,100,250,768,0.0012940216111019254,0.0012900920119136572,0.0016603721305727959,0.043608515431042605,1326.6015625,603.6484375,26.908203125,ok
fixed_cdist,fixed,cuda,float32,1,2000,768,0.0006364724831655622,0.0006254508625715971,0.0027634240686893463,3.048865795135498,1350.76171875,627.80859375,268.2080078125,ok
fixed_cdist,fixed,cuda,float64,1,2000,768,0.0006431931396946311,0.0006291370373219252,0.02204264886677265,3.048865871866971,1350.76171875,627.80859375,537.40087890625,ok
fixed_cdist,fixed,cuda,float32,4,2000,768,0.0006546294316649437,0.0006417261902242899,0.00281347893178463,0.7538875341415405,1350.76171875,627.80859375,308.52490234375,ok
fixed_cdist,fixed,cuda,float64,4,2000,768,0.0007763110334053636,0.0007684140000492334,0.022284047910943627,0.7538876136700539,1350.76171875,627.80859375,537.41845703125,ok
fixed_cdist,fixed,cuda,float32,8,2000,768,0.0006537735462188721,0.0006406139582395554,0.0028213211335241795,0.3836246728897095,1350.76171875,627.80859375,308.53662109375,ok
fixed_cdist,fixed,cuda,float64,8,2000,768,0.0008022296242415905,0.0007938819471746683,0.022409063996747136,0.38362505229258503,1350.76171875,627.80859375,537.44189453125,ok
fixed_cdist,fixed,cuda,float32,16,2000,768,0.0006587509997189045,0.0006443688180297613,0.0028362728189677,0.19465887546539307,1350.76171875,627.80859375,308.56005859375,ok
fixed_cdist,fixed,cuda,float64,16,2000,768,0.0009347916347905993,0.0009241960942745209,0.022557195043191314,0.1946588939348992,1350.76171875,627.80859375,537.48876953125,ok
fixed_cdist,fixed,cuda,float32,32,2000,768,0.0007657243404537439,0.0007507579866796732,0.002896561985835433,0.09871852397918701,1350.76171875,627.80859375,308.60693359375,ok
fixed_cdist,fixed,cuda,float64,32,2000,768,0.0017596201505512,0.0017519688699394464,0.023380330996587873,0.09871865663459345,1350.76171875,627.80859375,537.58251953125,ok
fixed_cdist,fixed,cuda,float32,100,2000,768,0.0007686944445595145,0.0007547340355813503,0.003017883049324155,0.03369545936584473,1350.76171875,627.80859375,308.80615234375,ok
fixed_cdist,fixed,cuda,float64,100,2000,768,0.0036334150936454535,0.003624125849455595,0.02518884395249188,0.033695299403994294,1350.76171875,627.80859375,537.98095703125,ok
fixed_mm,fixed,cuda,float32,1,100,1,0.0006179900374263525,0.0006047000642865896,0.009330122033134103,2.0376431941986084,1165.1171875,442.12890625,16.30126953125,ok
fixed_mm,fixed,cuda,float64,1,100,1,0.0006151754641905427,0.0006015349645167589,0.0037807391490787268,2.0376430351117722,1205.35546875,482.3671875,17.517578125,ok
fixed_mm,fixed,cuda,float32,4,100,1,0.0006223215023055673,0.0006106691434979439,0.0008426941931247711,0.3570058345794678,1205.35546875,482.3671875,16.94482421875,ok
fixed_mm,fixed,cuda,float64,4,100,1,0.0006280755624175072,0.000612352043390274,0.0007967660203576088,0.357005741524397,1205.35546875,482.3671875,17.517578125,ok
fixed_mm,fixed,cuda,float32,8,100,1,0.0006162775680422783,0.0006039298605173826,0.0006892969831824303,0.045539140701293945,1205.35546875,482.3671875,16.94482421875,ok
fixed_mm,fixed,cuda,float64,8,100,1,0.0006299373926594853,0.0006146251689642668,0.0006659610662609339,0.045538795343057714,1205.85546875,482.8671875,17.517578125,ok
fixed_mm,fixed,cuda,float32,16,100,1,0.0006243541138246655,0.0006099480669945478,0.0006715999916195869,0.2781093120574951,1205.85546875,482.8671875,16.94482421875,ok
fixed_mm,fixed,cuda,float64,16,100,1,0.000634695403277874,0.0006234289612621069,0.0006766170263290405,0.27810919418358404,1205.85546875,482.8671875,17.517578125,ok
fixed_mm,fixed,cuda,float32,32,100,1,0.0006257215281948447,0.0006129220128059387,0.0038287811912596226,0.13926410675048828,1211.41015625,488.421875,16.94482421875,ok
fixed_mm,fixed,cuda,float64,32,100,1,0.0006332275224849582,0.0006183909717947245,0.0006573190912604332,0.1392639574948933,1211.41015625,488.421875,17.517578125,ok
fixed_mm,fixed,cuda,float32,1,100,2,0.0006157864117994905,0.0006016648840159178,0.0006585698574781418,1.7986276149749756,1211.41015625,488.421875,16.9453125,ok
fixed_mm,fixed,cuda,float64,1,100,2,0.0006186009850353003,0.0006055021658539772,0.0007155050989240408,1.7986277611753723,1211.41015625,488.421875,17.51904296875,ok
fixed_mm,fixed,cuda,float32,4,100,2,0.0006256720516830683,0.0006119611207395792,0.0033885547891259193,0.6644930839538574,1216.92578125,493.9375,16.9462890625,ok
fixed_mm,fixed,cuda,float64,4,100,2,0.0006363169522956014,0.0006238790228962898,0.0007548939902335405,0.6644934227970571,1216.92578125,493.9375,17.51904296875,ok
fixed_mm,fixed,cuda,float32,8,100,2,0.000628390465863049,0.0006151958368718624,0.0007416040170937777,0.4093151092529297,1216.92578125,493.9375,16.9462890625,ok
fixed_mm,fixed,cuda,float64,8,100,2,0.0006395926466211677,0.0006240489892661572,0.0007296560797840357,0.40931500084879424,1216.92578125,493.9375,17.51904296875,ok
fixed_mm,fixed,cuda,float32,16,100,2,0.0006281904643401504,0.0006160368211567402,0.0006705787964165211,0.21517014503479004,1216.92578125,493.9375,16.9462890625,ok
fixed_mm,fixed,cuda,float64,16,100,2,0.0006385904271155596,0.0006286960560828447,0.0006865819450467825,0.21517019933053216,1216.92578125,493.9375,17.51904296875,ok
fixed_mm,fixed,cuda,float32,32,100,2,0.0006427420303225517,0.0006296769715845585,0.0008127300534397364,0.1315171718597412,1216.92578125,493.9375,16.9462890625,ok
fixed_mm,fixed,cuda,float64,32,100,2,0.0006399280391633511,0.0006268532015383244,0.0006890350487083197,0.1315174799750798,1216.92578125,493.9375,17.51904296875,ok
fixed_mm,fixed,cuda,float32,100,100,1,0.0006226520054042339,0.0006077650468796492,0.0006773490458726883,0.023517131805419922,1216.92578125,493.9375,17.2109375,ok
fixed_mm,fixed,cuda,float64,100,100,1,0.0006283154943957925,0.0006144240032881498,0.0032977289520204067,0.023517210801413668,1221.44140625,498.453125,18.1669921875,ok
fixed_mm,fixed,cuda,float32,1,250,1,0.000616573030129075,0.000605650944635272,0.0009160439949482679,6.157979488372803,1221.44140625,498.453125,20.3232421875,ok
fixed_mm,fixed,cuda,float64,1,250,1,0.0006195520982146263,0.0006080248858779669,0.0006895968690514565,6.157979615575565,1221.44140625,498.453125,24.12841796875,ok
fixed_mm,fixed,cuda,float32,4,250,1,0.0006311698816716671,0.0006166980601847172,0.0006689159199595451,0.5367021560668945,1221.44140625,498.453125,20.7255859375,ok
fixed_mm,fixed,cuda,float64,4,250,1,0.0006340540712699294,0.0006215160246938467,0.0006826771423220634,0.5367018165496731,1221.44140625,498.453125,24.12841796875,ok
fixed_mm,fixed,cuda,float32,8,250,1,0.0006268440047279,0.0006170580163598061,0.0006737539079040289,0.17213177680969238,1221.44140625,498.453125,20.7255859375,ok
fixed_mm,fixed,cuda,float64,8,250,1,0.0006352058844640851,0.0006227169651538134,0.000683557940647006,0.17213176323769908,1221.44140625,498.453125,24.12841796875,ok
fixed_mm,fixed,cuda,float32,16,250,1,0.0006263575050979853,0.0006143138743937016,0.0006612238939851522,0.1644303798675537,1221.44140625,498.453125,20.7255859375,ok
fixed_mm,fixed,cuda,float64,16,250,1,0.0006334185600280762,0.0006222971715033054,0.0006718598306179047,0.1644306628156853,1221.44140625,498.453125,24.12841796875,ok
fixed_mm,fixed,cuda,float32,32,250,1,0.0006281650857999921,0.0006179299671202898,0.0006710691377520561,0.04421639442443848,1221.44140625,498.453125,20.7255859375,ok
fixed_mm,fixed,cuda,float64,32,250,1,0.0006343194982036948,0.0006205642130225897,0.0006634879391640425,0.04421654438268918,1221.44140625,498.453125,24.12841796875,ok
fixed_mm,fixed,cuda,float32,100,100,2,0.0006437335396185517,0.00063349399715662,0.0006781700067222118,0.0515751838684082,1221.44140625,498.453125,17.34814453125,ok
fixed_mm,fixed,cuda,float64,100,100,2,0.0006420455174520612,0.0006330518517643213,0.0006651398725807667,0.051574949389540325,1221.44140625,498.453125,18.1689453125,ok
fixed_mm,fixed,cuda,float32,1,100,10,0.0006119114113971591,0.000603468855842948,0.0006876240950077772,2.838141441345215,1221.44140625,498.453125,16.94921875,ok
fixed_mm,fixed,cuda,float64,1,100,10,0.0006206189282238483,0.0006097371224313974,0.0007289950735867023,2.838141622015934,1221.44140625,498.453125,17.52783203125,ok
fixed_mm,fixed,cuda,float32,4,100,10,0.0006266731070354581,0.0006162179633975029,0.0006843688897788525,0.7886531352996826,1221.44140625,498.453125,16.955078125,ok
fixed_mm,fixed,cuda,float64,4,100,10,0.0006408439949154854,0.000625611050054431,0.0006830769125372171,0.7886530540465082,1221.94140625,498.953125,17.52783203125,ok
fixed_mm,fixed,cuda,float32,8,100,10,0.0006294626509770751,0.0006181509234011173,0.0006930120289325714,0.4830918312072754,1221.94140625,498.953125,16.955078125,ok
fixed_mm,fixed,cuda,float64,8,100,10,0.0006379899568855762,0.0006248611025512218,0.0007121500093489885,0.48309188002154,1221.94140625,498.953125,17.5283203125,ok
fixed_mm,fixed,cuda,float32,100,250,1,0.0006296630017459393,0.0006168980617076159,0.0010356518905609846,0.013133049011230469,1221.94140625,498.953125,20.330078125,ok
fixed_mm,fixed,cuda,float64,100,250,1,0.0006331030745059252,0.0006188820116221905,0.0010492319706827402,0.013133135432808363,1221.94140625,498.953125,24.12890625,ok
fixed_mm,fixed,cuda,float32,1,250,2,0.0006153009599074721,0.0006051808595657349,0.0006722807884216309,3.316560745239258,1221.94140625,498.953125,20.7265625,ok
fixed_mm,fixed,cuda,float64,1,250,2,0.0006149155087769032,0.000605911947786808,0.0006582911591976881,3.3165610962421646,1221.94140625,498.953125,24.13134765625,ok
fixed_mm,fixed,cuda,float32,4,250,2,0.0006260171066969633,0.0006126419175416231,0.0007019250188022852,1.087282657623291,1221.94140625,498.953125,20.728515625,ok
fixed_mm,fixed,cuda,float64,4,250,2,0.0006377396639436483,0.0006294469349086285,0.0006748749874532223,1.0872828958896679,1221.94140625,498.953125,24.13134765625,ok
fixed_mm,fixed,cuda,float32,8,250,2,0.0006306145805865526,0.0006185609381645918,0.0006669631693512201,0.4653589725494385,1221.94140625,498.953125,20.728515625,ok
fixed_mm,fixed,cuda,float64,8,250,2,0.0006415804382413626,0.0006301379762589931,0.0006714288610965014,0.4653585922078065,1221.94140625,498.953125,24.13134765625,ok
fixed_mm,fixed,cuda,float32,16,100,10,0.0006296229548752308,0.000618030084297061,0.0006732228212058544,0.23735713958740234,1221.94140625,498.953125,17.35302734375,ok
fixed_mm,fixed,cuda,float64,16,100,10,0.0006403235020115972,0.0006287961732596159,0.0006783900316804647,0.2373571054023067,1221.94140625,498.953125,17.52880859375,ok
fixed_mm,fixed,cuda,float32,16,250,2,0.000630213413387537,0.0006221458315849304,0.0006584099028259516,0.3192436695098877,1221.94140625,498.953125,20.3310546875,ok
fixed_mm,fixed,cuda,float64,16,250,2,0.0006429818458855152,0.0006299279630184174,0.0006768479943275452,0.3192441319760122,1221.94140625,498.953125,24.13134765625,ok
fixed_mm,fixed,cuda,float32,32,250,2,0.000645421096123755,0.0006334627978503704,0.000673303147777915,0.1352066993713379,1221.94140625,498.953125,20.728515625,ok
fixed_mm,fixed,cuda,float64,32,250,2,0.000639436999335885,0.0006261819507926702,0.0006760659161955118,0.1352067961803658,1221.94140625,498.953125,24.13134765625,ok
fixed_mm,fixed,cuda,float32,32,100,10,0.0006467425264418125,0.0006325819995254278,0.000698119169101119,0.11553168296813965,1221.94140625,498.953125,17.353515625,ok
fixed_mm,fixed,cuda,float64,32,100,10,0.0006436633411794901,0.0006276639178395271,0.0006931321695446968,0.11553161862834394,1221.94140625,498.953125,17.52978515625,ok
fixed_mm,fixed,cuda,float32,100,250,2,0.0006434374954551458,0.000628946116194129,0.0007478541228920221,0.03003978729248047,1221.94140625,498.953125,20.33154296875,ok
fixed_mm,fixed,cuda,float64,100,250,2,0.0006795619847252965,0.000670537818223238,0.0007064819801598787,0.030039659260520324,1221.94140625,498.953125,24.1328125,ok
fixed_mm,fixed,cuda,float32,100,100,10,0.0006456960691139102,0.0006298879161477089,0.0006950749084353447,0.04308438301086426,1221.94140625,498.953125,17.35595703125,ok
fixed_mm,fixed,cuda,float64,100,100,10,0.0006458364659920335,0.0006343750283122063,0.0006635079625993967,0.04308409900639232,1221.94140625,498.953125,18.1806640625,ok
fixed_mm,fixed,cuda,float32,1,250,10,0.000613523181527853,0.0006024970207363367,0.000668765977025032,4.038843154907227,1221.94140625,498.953125,20.3388671875,ok
fixed_mm,fixed,cuda,float64,1,250,10,0.0006194720044732094,0.0006067941430956125,0.0006659210193902254,4.038843504800983,1221.94140625,498.953125,24.15478515625,ok
fixed_mm,fixed,cuda,float32,4,250,10,0.0006292170146480203,0.0006158570758998394,0.000675074988976121,0.758033037185669,1221.94140625,498.953125,20.751953125,ok
fixed_mm,fixed,cuda,float64,4,250,10,0.0006412650691345334,0.0006307088769972324,0.00321814208291471,0.7580334950883554,1227.45703125,504.46875,24.15478515625,ok
fixed_mm,fixed,cuda,float32,8,250,10,0.000634379917755723,0.0006196619942784309,0.0006713801994919777,0.5162122249603271,1227.45703125,504.46875,20.751953125,ok
fixed_mm,fixed,cuda,float64,8,250,10,0.0006428769556805491,0.0006296969950199127,0.0007417839951813221,0.5162125402658986,1227.45703125,504.46875,24.1552734375,ok
fixed_mm,fixed,cuda,float32,16,250,10,0.0006312399636954069,0.0006193921435624361,0.0006719809025526047,0.2605001926422119,1227.45703125,504.46875,20.75244140625,ok
fixed_mm,fixed,cuda,float64,16,250,10,0.0006399530684575438,0.0006261318922042847,0.0006998928729444742,0.2605003293646271,1227.45703125,504.46875,24.15576171875,ok
fixed_mm,fixed,cuda,float32,32,250,10,0.0006430975627154112,0.0006320411339402199,0.0006769679021090269,0.15153217315673828,1227.45703125,504.46875,20.7529296875,ok
fixed_mm,fixed,cuda,float64,32,250,10,0.0006416849792003632,0.0006289561279118061,0.000668905908241868,0.15153257743763993,1227.45703125,504.46875,24.15673828125,ok
fixed_mm,fixed,cuda,float32,100,250,10,0.0006456414703279734,0.0006299479864537716,0.0006903479807078838,0.0485532283782959,1227.45703125,504.46875,20.75537109375,ok
fixed_mm,fixed,cuda,float64,100,250,10,0.0006786754820495844,0.0006672940216958523,0.0007011541165411472,0.0485531861668016,1227.45703125,504.46875,24.162109375,ok
fixed_mm,fixed,cuda,float32,1,2000,1,0.0006217400077730417,0.0006062719039618969,0.0018765840213745832,1.0326147079467773,1227.45703125,504.46875,261.64990234375,ok
fixed_mm,fixed,cuda,float64,1,2000,1,0.0006233479361981153,0.0006093468982726336,0.005631804931908846,1.0326145723052829,1229.45703125,506.46875,520.58203125,ok
fixed_mm,fixed,cuda,float32,4,2000,1,0.000627829460427165,0.0006157269235700369,0.002310710959136486,0.7472972869873047,1229.45703125,506.46875,291.7001953125,ok
fixed_mm,fixed,cuda,float64,4,2000,1,0.0006361075211316347,0.0006265030242502689,0.0063190090004354715,0.7472972344679505,1229.45703125,506.46875,520.58203125,ok
fixed_mm,fixed,cuda,float32,8,2000,1,0.0006290164310485125,0.0006151560228317976,0.002316249068826437,0.38326048851013184,1229.45703125,506.46875,291.7001953125,ok
fixed_mm,fixed,cuda,float64,8,2000,1,0.0006348949391394854,0.0006164370570331812,0.006351877935230732,0.383261049781642,1229.45703125,506.46875,520.58203125,ok
fixed_mm,fixed,cuda,float32,16,2000,1,0.0006314449710771441,0.0006202231161296368,0.002334936987608671,0.09622406959533691,1229.45703125,506.46875,291.7001953125,ok
fixed_mm,fixed,cuda,float64,16,2000,1,0.0006401080172508955,0.0006248808931559324,0.006371075985953212,0.09622459358374336,1229.45703125,506.46875,520.58203125,ok
fixed_mm,fixed,cuda,float32,32,2000,1,0.0006304485723376274,0.0006175101734697819,0.0023498390801250935,0.02625417709350586,1229.45703125,506.46875,291.7001953125,ok
fixed_mm,fixed,cuda,float64,32,2000,1,0.0006415350362658501,0.0006277039647102356,0.006425707135349512,0.02625433781648079,1229.45703125,506.46875,520.58203125,ok
fixed_mm,fixed,cuda,float32,100,2000,1,0.0006336780497804284,0.0006218361668288708,0.002375476062297821,0.02313828468322754,1229.45703125,506.46875,291.7001953125,ok
fixed_mm,fixed,cuda,float64,100,2000,1,0.0006383160362020135,0.0006239081267267466,0.006571725010871887,0.02313811798306853,1229.45703125,506.46875,520.58251953125,ok
fixed_mm,fixed,cuda,float32,1,100,768,0.0006190715357661247,0.0006043699104338884,0.000722366152331233,3.110672950744629,1230.45703125,507.46875,47.72119140625,ok
fixed_mm,fixed,cuda,float64,1,100,768,0.0006226769182831049,0.0006095371209084988,0.0017727888189256191,3.1106728231556287,1230.45703125,507.46875,18.42529296875,ok
fixed_mm,fixed,cuda,float32,1,2000,2,0.000622517429292202,0.0006104789208620787,0.0023604040034115314,1.6616740226745605,1230.45703125,507.46875,261.82275390625,ok
fixed_mm,fixed,cuda,float64,1,2000,2,0.0006221354706212878,0.0006125918589532375,0.006287470925599337,1.661674052330374,1230.45703125,507.46875,520.60498046875,ok
fixed_mm,fixed,cuda,float32,4,2000,2,0.0006260119844228029,0.0006120810285210609,0.002364740939810872,0.22941875457763672,1230.45703125,507.46875,291.72314453125,ok
fixed_mm,fixed,cuda,float64,4,2000,2,0.0011186304036527872,0.0011115148663520813,0.00690458994358778,0.229419246914619,1230.45703125,507.46875,520.60498046875,ok
fixed_mm,fixed,cuda,float32,8,2000,2,0.0006292921025305986,0.0006160971242934465,0.0023538239765912294,0.39748668670654297,1230.45703125,507.46875,291.72314453125,ok
fixed_mm,fixed,cuda,float64,8,2000,2,0.0011197725543752313,0.0011113439686596394,0.006923808017745614,0.3974868675407297,1230.45703125,507.46875,520.60498046875,ok
fixed_mm,fixed,cuda,float32,16,2000,2,0.0006313850171864033,0.0006157069001346827,0.0023788020480424166,0.27060723304748535,1230.45703125,507.46875,291.72314453125,ok
fixed_mm,fixed,cuda,float64,16,2000,2,0.0011252750409767032,0.0011179849971085787,0.006940484046936035,0.2706073336960295,1230.45703125,507.46875,520.60498046875,ok
fixed_mm,fixed,cuda,float32,32,2000,2,0.0006427769549190998,0.0006302578840404749,0.002382788108661771,0.12169694900512695,1230.45703125,507.46875,291.72314453125,ok
fixed_mm,fixed,cuda,float64,32,2000,2,0.0006465469487011433,0.0006364581640809774,0.006477403920143843,0.12169773548924967,1230.45703125,507.46875,520.60498046875,ok
fixed_mm,fixed,cuda,float32,4,100,768,0.0006294619524851441,0.0006167790852487087,0.0019556519109755754,0.8010131120681763,1230.45703125,507.46875,47.73583984375,ok
fixed_mm,fixed,cuda,float64,4,100,768,0.0006963515188544989,0.0006944739725440741,0.002309268107637763,0.8010128332503759,1230.45703125,507.46875,18.43408203125,ok
fixed_mm,fixed,cuda,float32,100,2000,2,0.0006500175222754478,0.0006376889068633318,0.002416118048131466,0.021874666213989258,1230.45703125,507.46875,261.8232421875,ok
fixed_mm,fixed,cuda,float64,100,2000,2,0.0007015995215624571,0.0006978590972721577,0.0071499948389828205,0.021875040830104275,1231.48828125,508.5,520.6064453125,ok
fixed_mm,fixed,cuda,float32,8,100,768,0.0006292718462646008,0.0006199029739946127,0.00258434796705842,0.4316331148147583,1232.98828125,510.0,47.74560546875,ok
fixed_mm,fixed,cuda,float64,8,100,768,0.000704634003341198,0.0007017648313194513,0.0031026999931782484,0.4316329363647462,1232.98828125,510.0,18.44580078125,ok
fixed_mm,fixed,cuda,float32,16,100,768,0.0006352809723466635,0.0006185311358422041,0.0008366059046238661,0.2287999391555786,1233.48828125,510.5,17.8818359375,ok
fixed_mm,fixed,cuda,float64,16,100,768,0.0007146688876673579,0.0007129819132387638,0.0007942819502204657,0.2287996842988429,1233.48828125,510.5,18.48828125,ok
fixed_mm,fixed,cuda,float32,32,100,768,0.0006454460090026259,0.0006313698831945658,0.0015491759404540062,0.1258336305618286,1233.48828125,510.5,17.9287109375,ok
fixed_mm,fixed,cuda,float64,32,100,768,0.0006465475307777524,0.0006327619776129723,0.0028454670682549477,0.12583352714845564,1233.48828125,510.5,18.58203125,ok
fixed_mm,fixed,cuda,float32,100,100,768,0.0006394371157512069,0.0006255120970308781,0.002377068856731057,0.06115400791168213,1233.48828125,510.5,18.11474609375,ok
fixed_mm,fixed,cuda,float64,100,100,768,0.0009885064791887999,0.000986448023468256,0.001412843121215701,0.06115383437515587,1233.98828125,511.0,19.41455078125,ok
fixed_mm,fixed,cuda,float32,1,2000,10,0.0006205140380188823,0.0006096980068832636,0.002334465039893985,2.7603864669799805,1233.98828125,511.0,261.8837890625,ok
fixed_mm,fixed,cuda,float64,1,2000,10,0.0006132080452516675,0.0006021868903189898,0.00645909714512527,2.7603869130672845,1233.98828125,511.0,520.7880859375,ok
fixed_mm,fixed,cuda,float32,4,2000,10,0.000624750042334199,0.0006152349524199963,0.0023556670639663935,0.6046848297119141,1233.98828125,511.0,291.90625,ok
fixed_mm,fixed,cuda,float64,4,2000,10,0.0011158909182995558,0.0011071981862187386,0.0070534818805754185,0.6046846910990089,1233.98828125,511.0,520.7880859375,ok
fixed_mm,fixed,cuda,float32,8,2000,10,0.0006285010604187846,0.0006159069016575813,0.0023479259107261896,0.313382625579834,1233.98828125,511.0,291.90625,ok
fixed_mm,fixed,cuda,float64,8,2000,10,0.0011181749869138002,0.0011100631672888994,0.007059459807351232,0.31338268132779756,1233.98828125,511.0,520.78857421875,ok
fixed_mm,fixed,cuda,float32,16,2000,10,0.000629066489636898,0.0006185709498822689,0.0023545061703771353,0.16363859176635742,1233.98828125,511.0,291.90673828125,ok
fixed_mm,fixed,cuda,float64,16,2000,10,0.0011261565377935767,0.0011171929072588682,0.007097447058185935,0.16363902820986453,1233.98828125,511.0,520.7890625,ok
fixed_mm,fixed,cuda,float32,32,2000,10,0.0006407139590010047,0.0006302387919276953,0.0023595429956912994,0.07873058319091797,1233.98828125,511.0,291.9072265625,ok
fixed_mm,fixed,cuda,float64,32,2000,10,0.0006464379839599133,0.0006299179513007402,0.006608990021049976,0.07873054577790928,1233.98828125,511.0,520.7900390625,ok
fixed_mm,fixed,cuda,float32,100,2000,10,0.0006488105282187462,0.000637248856946826,0.0024079149588942528,0.029413223266601562,1233.98828125,511.0,291.90966796875,ok
fixed_mm,fixed,cuda,float64,100,2000,10,0.0007039880147203803,0.0006998309399932623,0.006867134943604469,0.029413426203337423,1233.98828125,511.0,520.79541015625,ok
fixed_mm,fixed,cuda,float32,1,250,768,0.0006175038870424032,0.0006075350102037191,0.0025939219631254673,3.135969638824463,1234.48828125,511.5,51.66455078125,ok
fixed_mm,fixed,cuda,float64,1,250,768,0.0006242500385269523,0.0006086870562285185,0.0025002730544656515,3.1359701644748137,1236.48828125,513.5,26.328125,ok
fixed_mm,fixed,cuda,float32,4,250,768,0.0006287303986027837,0.0006172191351652145,0.0016564968973398209,0.7958616018295288,1238.48828125,515.5,22.75830078125,ok
fixed_mm,fixed,cuda,float64,4,250,768,0.0006492114625871181,0.0006351061165332794,0.001669284887611866,0.7958618729795479,1239.0078125,516.01953125,26.345703125,ok
fixed_mm,fixed,cuda,float32,8,250,768,0.0006301325047388673,0.0006200731731951237,0.0023156581446528435,0.40098345279693604,1239.0078125,516.01953125,22.77001953125,ok
fixed_mm,fixed,cuda,float64,8,250,768,0.0006495675770565867,0.0006389319896697998,0.0016663710121065378,0.40098362510055785,1240.0078125,517.01953125,26.369140625,ok
fixed_mm,fixed,cuda,float32,16,250,768,0.0006407441105693579,0.0006274138577282429,0.0022058039903640747,0.20413219928741455,1240.0078125,517.01953125,22.79345703125,ok
fixed_mm,fixed,cuda,float64,16,250,768,0.0006474889814853668,0.0006312599871307611,0.0012293600011616945,0.20413231838257473,1240.0078125,517.01953125,26.416015625,ok
fixed_mm,fixed,cuda,float32,32,250,768,0.0006494419649243355,0.0006318509113043547,0.0011693299748003483,0.10640442371368408,1240.0078125,517.01953125,22.84033203125,ok
fixed_mm,fixed,cuda,float64,32,250,768,0.0006445545004680753,0.0006314311176538467,0.002396938856691122,0.10640451238917348,1240.0078125,517.01953125,26.509765625,ok
fixed_mm,fixed,cuda,float32,100,250,768,0.0006458215648308396,0.0006312399636954069,0.0022618381772190332,0.04360842704772949,1240.0078125,517.01953125,23.03955078125,ok
fixed_mm,fixed,cuda,float64,100,250,768,0.0010538689093664289,0.0010508149862289429,0.0014227479696273804,0.043608515431042605,1240.0078125,517.01953125,26.908203125,ok
fixed_mm,fixed,cuda,float32,1,2000,768,0.0006241640076041222,0.0006076949648559093,0.0028484012000262737,3.048865795135498,1263.79296875,540.8046875,268.94921875,ok
fixed_mm,fixed,cuda,float64,1,2000,768,0.0006276489002630115,0.0006152358837425709,0.021897302009165287,3.048865871866971,1263.79296875,540.8046875,538.14208984375,ok
fixed_mm,fixed,cuda,float32,4,2000,768,0.0006387061439454556,0.0006260520312935114,0.0031186628621071577,0.7538875341415405,1286.765625,563.77734375,309.26611328125,ok
fixed_mm,fixed,cuda,float64,4,2000,768,0.0006439939606934786,0.0006312699988484383,0.02231173892505467,0.7538876136700539,1286.765625,563.77734375,538.15966796875,ok
fixed_mm,fixed,cuda,float32,8,2000,768,0.0006444944301620126,0.0006292569451034069,0.0028898532036691904,0.3836246728897095,1286.765625,563.77734375,309.27783203125,ok
fixed_mm,fixed,cuda,float64,8,2000,768,0.0007295263931155205,0.0007265019230544567,0.02243136800825596,0.38362505229258503,1286.765625,563.77734375,538.18310546875,ok
fixed_mm,fixed,cuda,float32,16,2000,768,0.0006456860573962331,0.0006342048291116953,0.002896962920203805,0.19465887546539307,1286.765625,563.77734375,309.30126953125,ok
fixed_mm,fixed,cuda,float64,16,2000,768,0.000821894034743309,0.0008185580372810364,0.022506889887154102,0.19465889393489877,1286.765625,563.77734375,538.22998046875,ok
fixed_mm,fixed,cuda,float32,32,2000,768,0.000650658505037427,0.0006367878522723913,0.002917825011536479,0.09871852397918701,1286.765625,563.77734375,309.34814453125,ok
fixed_mm,fixed,cuda,float64,32,2000,768,0.0012716735946014524,0.0012677169870585203,0.02295627910643816,0.098718656634593,1286.765625,563.77734375,538.32373046875,ok
fixed_mm,fixed,cuda,float32,100,2000,768,0.0006587509997189045,0.0006477839779108763,0.0030105318874120712,0.03369545936584473,1286.765625,563.77734375,309.54736328125,ok
fixed_mm,fixed,cuda,float64,100,2000,768,0.0024055769899860024,0.0024011849891394377,0.024021704914048314,0.033695299403994294,1286.765625,563.77734375,538.72216796875,ok
fixed_mm_loop,fixed,cuda,float32,1,100,1,0.0009552270639687777,0.0009426330216228962,0.011024815030395985,2.0376431941986084,1169.50390625,444.84765625,16.30126953125,ok
fixed_mm_loop,fixed,cuda,float64,1,100,1,0.0009605998639017344,0.0009437850676476955,0.004292041063308716,2.0376430351117722,1209.19140625,484.53515625,17.517578125,ok
fixed_mm_loop,fixed,cuda,float32,4,100,1,0.0009716969216242433,0.0009615621529519558,0.0012105521745979786,0.3570058345794678,1209.19140625,484.53515625,16.94482421875,ok
fixed_mm_loop,fixed,cuda,float64,4,100,1,0.0009764439892023802,0.000966968946158886,0.0011475489009171724,0.357005741524397,1209.69140625,485.03515625,17.517578125,ok
fixed_mm_loop,fixed,cuda,float32,8,100,1,0.0009675150504335761,0.0009595989249646664,0.0010222319979220629,0.045539140701293945,1209.69140625,485.03515625,16.94482421875,ok
fixed_mm_loop,fixed,cuda,float64,8,100,1,0.0009747910080477595,0.000964566133916378,0.0010409189853817225,0.045538795343057714,1209.69140625,485.03515625,17.517578125,ok
fixed_mm_loop,fixed,cuda,float32,16,100,1,0.0009702550014480948,0.0009604999795556068,0.00105303805321455,0.2781093120574951,1209.69140625,485.03515625,16.94482421875,ok
fixed_mm_loop,fixed,cuda,float64,16,100,1,0.0009794135112315416,0.0009685419499874115,0.0010302939917892218,0.27810919418358404,1209.69140625,485.03515625,17.517578125,ok
fixed_mm_loop,fixed,cuda,float32,32,100,1,0.0009718919172883034,0.0009608201216906309,0.004168086219578981,0.13926410675048828,1214.69140625,490.03515625,16.94482421875,ok
fixed_mm_loop,fixed,cuda,float64,32,100,1,0.0009769449243322015,0.0009705449920147657,0.0010288520716130733,0.1392639574948933,1214.69140625,490.03515625,17.517578125,ok
fixed_mm_loop,fixed,cuda,float32,1,100,2,0.000951917958445847,0.0009402299765497446,0.0010071401484310627,1.7986276149749756,1215.19140625,490.53515625,16.9453125,ok
fixed_mm_loop,fixed,cuda,float64,1,100,2,0.0009579759789630771,0.0009520279709249735,0.0011332069989293814,1.7986277611753723,1215.19140625,490.53515625,17.51904296875,ok
fixed_mm_loop,fixed,cuda,float32,4,100,2,0.000973284593783319,0.0009636539034545422,0.003623384051024914,0.6644930839538574,1219.70703125,495.05078125,16.9462890625,ok
fixed_mm_loop,fixed,cuda,float64,4,100,2,0.0009829835034906864,0.0009719568770378828,0.0010961219668388367,0.6644934227970571,1220.20703125,495.55078125,17.51904296875,ok
fixed_mm_loop,fixed,cuda,float32,8,100,2,0.00097523198928684,0.0009607500396668911,0.0010883309878408909,0.4093153476715088,1220.20703125,495.55078125,16.9462890625,ok
fixed_mm_loop,fixed,cuda,float64,8,100,2,0.000980805023573339,0.0009712069295346737,0.0010611801408231258,0.40931500084879424,1220.20703125,495.55078125,17.51904296875,ok
fixed_mm_loop,fixed,cuda,float32,16,100,2,0.0009788224706426263,0.0009664790704846382,0.0010255069937556982,0.21517014503479004,1220.20703125,495.55078125,16.9462890625,ok
fixed_mm_loop,fixed,cuda,float64,16,100,2,0.0009866990149021149,0.0009750619065016508,0.001042212126776576,0.21517019933053216,1220.20703125,495.55078125,17.51904296875,ok
fixed_mm_loop,fixed,cuda,float32,32,100,2,0.0009907849598675966,0.0009800889529287815,0.0011580949649214745,0.1315171718597412,1220.20703125,495.55078125,16.9462890625,ok
fixed_mm_loop,fixed,cuda,float64,32,100,2,0.0009866339387372136,0.0009764840360730886,0.0010536590125411749,0.1315174799750798,1220.20703125,495.55078125,17.51904296875,ok
fixed_mm_loop,fixed,cuda,float32,100,100,1,0.0009725181153044105,0.0009636450558900833,0.0010118060745298862,0.023517131805419922,1220.20703125,495.55078125,16.94873046875,ok
fixed_mm_loop,fixed,cuda,float64,100,100,1,0.0009722630493342876,0.0009608811233192682,0.0036632840055972338,0.023517210801413668,1225.25390625,500.59765625,17.63623046875,ok
fixed_mm_loop,fixed,cuda,float32,1,250,1,0.0009630434215068817,0.0009550319518893957,0.0012867848854511976,6.157979488372803,1225.25390625,500.59765625,20.3232421875,ok
fixed_mm_loop,fixed,cuda,float64,1,250,1,0.0009629734558984637,0.0009492030367255211,0.0010517060291022062,6.157979615575565,1225.78515625,501.12890625,24.12841796875,ok
fixed_mm_loop,fixed,cuda,float32,4,250,1,0.0009739348897710443,0.0009661091025918722,0.0010217009112238884,0.5367019176483154,1225.78515625,501.12890625,20.7255859375,ok
fixed_mm_loop,fixed,cuda,float64,4,250,1,0.0009781060507521033,0.0009695540647953749,0.0010504440870136023,0.5367018165496731,1225.78515625,501.12890625,24.12841796875,ok
fixed_mm_loop,fixed,cuda,float32,8,250,1,0.0009732440812513232,0.0009647461120039225,0.001046448014676571,0.17213177680969238,1225.78515625,501.12890625,20.7255859375,ok
fixed_mm_loop,fixed,cuda,float64,8,250,1,0.0009759030072018504,0.0009681009687483311,0.0010382861364632845,0.17213176323769952,1225.78515625,501.12890625,24.12841796875,ok
fixed_mm_loop,fixed,cuda,float32,16,250,1,0.0009758028900250793,0.0009691731538623571,0.0010249358601868153,0.1644306182861328,1225.78515625,501.12890625,20.7255859375,ok
fixed_mm_loop,fixed,cuda,float64,16,250,1,0.0009859375422820449,0.0009751319885253906,0.0010330579243600368,0.1644306628156853,1225.78515625,501.12890625,24.12841796875,ok
fixed_mm_loop,fixed,cuda,float32,32,250,1,0.0009761729743331671,0.0009682411327958107,0.0010280099231749773,0.04421639442443848,1225.78515625,501.12890625,20.7255859375,ok
fixed_mm_loop,fixed,cuda,float64,32,250,1,0.000984951388090849,0.0009766039438545704,0.0010250171180814505,0.04421654438268918,1225.78515625,501.12890625,24.12841796875,ok
fixed_mm_loop,fixed,cuda,float32,100,100,2,0.0009902239544317126,0.0009799590334296227,0.0010735781397670507,0.0515751838684082,1225.78515625,501.12890625,17.34814453125,ok
fixed_mm_loop,fixed,cuda,float64,100,100,2,0.000988751882687211,0.000982742989435792,0.0010305140167474747,0.051574949389540325,1225.78515625,501.12890625,17.63818359375,ok
fixed_mm_loop,fixed,cuda,float32,1,100,10,0.0009534250712022185,0.0009434339590370655,0.0010283810552209616,2.838141441345215,1225.78515625,501.12890625,16.94921875,ok
fixed_mm_loop,fixed,cuda,float64,1,100,10,0.0009591279085725546,0.0009507960639894009,0.0010781849268823862,2.838141622015934,1225.78515625,501.12890625,17.52783203125,ok
fixed_mm_loop,fixed,cuda,float32,4,100,10,0.0009761580731719732,0.0009637949988245964,0.001047800062224269,0.7886531352996826,1225.78515625,501.12890625,16.955078125,ok
fixed_mm_loop,fixed,cuda,float64,4,100,10,0.0009827535832300782,0.0009723980911076069,0.0010651960037648678,0.7886530540465082,1225.78515625,501.12890625,17.52783203125,ok
fixed_mm_loop,fixed,cuda,float32,8,100,10,0.0009739099768921733,0.000965476967394352,0.001027239952236414,0.4830918312072754,1225.78515625,501.12890625,16.955078125,ok
fixed_mm_loop,fixed,cuda,float64,8,100,10,0.0009832694195210934,0.0009746609721332788,0.0010357520077377558,0.48309188002154,1225.78515625,501.12890625,17.5283203125,ok
fixed_mm_loop,fixed,cuda,float32,100,250,1,0.0009784570429474115,0.0009670800063759089,0.001059388043358922,0.013133049011230469,1225.78515625,501.12890625,20.330078125,ok
fixed_mm_loop,fixed,cuda,float64,100,250,1,0.0009806799935176969,0.0009647358674556017,0.0014579298440366983,0.013133135432808363,1225.78515625,501.12890625,24.12890625,ok
fixed_mm_loop,fixed,cuda,float32,1,250,2,0.0009570606052875519,0.000944425817579031,0.001011095941066742,3.316560745239258,1225.78515625,501.12890625,20.7265625,ok
fixed_mm_loop,fixed,cuda,float64,1,250,2,0.0009590430418029428,0.0009525581263005733,0.0010143909603357315,3.3165610962421646,1225.78515625,501.12890625,24.13134765625,ok
fixed_mm_loop,fixed,cuda,float32,4,250,2,0.0009753069607540965,0.0009660280775278807,0.001037385081872344,1.087282657623291,1225.78515625,501.12890625,20.728515625,ok
fixed_mm_loop,fixed,cuda,float64,4,250,2,0.000982512952759862,0.00096881203353405,0.0010265579912811518,1.0872828958896679,1225.78515625,501.12890625,24.13134765625,ok
fixed_mm_loop,fixed,cuda,float32,8,250,2,0.0009769046446308494,0.0009679119102656841,0.001030854880809784,0.4653587341308594,1225.78515625,501.12890625,20.728515625,ok
fixed_mm_loop,fixed,cuda,float64,8,250,2,0.0009847059845924377,0.0009750218596309423,0.0010264888405799866,0.4653585922078065,1225.78515625,501.12890625,24.13134765625,ok
fixed_mm_loop,fixed,cuda,float32,16,100,10,0.000976408482529223,0.0009660280775278807,0.001035952940583229,0.23735713958740234,1225.78515625,501.12890625,17.35302734375,ok
fixed_mm_loop,fixed,cuda,float64,16,100,10,0.0009845310123637319,0.0009747419971972704,0.0010418409947305918,0.2373571054023067,1225.78515625,501.12890625,17.52880859375,ok
fixed_mm_loop,fixed,cuda,float32,16,250,2,0.0009807355236262083,0.0009691428858786821,0.0010239749681204557,0.3192436695098877,1225.78515625,501.12890625,20.3310546875,ok
fixed_mm_loop,fixed,cuda,float64,16,250,2,0.0009870799258351326,0.0009736299980431795,0.001050113933160901,0.31924413197601176,1225.78515625,501.12890625,24.13134765625,ok
fixed_mm_loop,fixed,cuda,float32,32,250,2,0.0009909550426527858,0.0009836750105023384,0.0010362230241298676,0.1352066993713379,1225.78515625,501.12890625,20.728515625,ok
fixed_mm_loop,fixed,cuda,float64,32,250,2,0.000987094477750361,0.000974590890109539,0.0010235540103167295,0.13520679618036624,1226.28515625,501.62890625,24.13134765625,ok
fixed_mm_loop,fixed,cuda,float32,32,100,10,0.000994570553302765,0.0009855472017079592,0.0010502231307327747,0.11553168296813965,1226.28515625,501.62890625,17.353515625,ok
fixed_mm_loop,fixed,cuda,float64,32,100,10,0.000990079017356038,0.0009749219752848148,0.0010402391199022532,0.11553161862834394,1226.28515625,501.62890625,17.52978515625,ok
fixed_mm_loop,fixed,cuda,float32,100,250,2,0.0009891579393297434,0.0009834240190684795,0.0011160417925566435,0.030039310455322266,1226.28515625,501.62890625,20.33154296875,ok
fixed_mm_loop,fixed,cuda,float64,100,250,2,0.001023974851705134,0.0010094230528920889,0.0010546399280428886,0.030039659260520324,1226.28515625,501.62890625,24.1328125,ok
fixed_mm_loop,fixed,cuda,float32,100,100,10,0.0009882610756903887,0.0009796391241252422,0.0010383259505033493,0.04308438301086426,1226.28515625,501.62890625,17.35595703125,ok
fixed_mm_loop,fixed,cuda,float64,100,100,10,0.0009887319756671786,0.00097989896312356,0.001021350035443902,0.04308409900639232,1226.28515625,501.62890625,17.64990234375,ok
fixed_mm_loop,fixed,cuda,float32,1,250,10,0.0009581365156918764,0.0009456281550228596,0.0010178659576922655,4.038843154907227,1226.28515625,501.62890625,20.3388671875,ok
fixed_mm_loop,fixed,cuda,float64,1,250,10,0.0009594290750101209,0.0009482421446591616,0.001048991922289133,4.038843504800983,1226.28515625,501.62890625,24.15478515625,ok
fixed_mm_loop,fixed,cuda,float32,4,250,10,0.0009756124345585704,0.0009679209906607866,0.00102562690153718,0.758033037185669,1226.28515625,501.62890625,20.751953125,ok
fixed_mm_loop,fixed,cuda,float64,4,250,10,0.0009800094412639737,0.0009688020218163729,0.003682162147015333,0.7580334950883554,1231.30078125,506.64453125,24.15478515625,ok
fixed_mm_loop,fixed,cuda,float32,8,250,10,0.000975908013060689,0.0009631938301026821,0.0010160929523408413,0.5162122249603271,1231.30078125,506.64453125,20.751953125,ok
fixed_mm_loop,fixed,cuda,float64,8,250,10,0.0009826330933719873,0.0009746809955686331,0.0010998579673469067,0.5162125402658986,1231.30078125,506.64453125,24.1552734375,ok
fixed_mm_loop,fixed,cuda,float32,16,250,10,0.000979462987743318,0.0009695230983197689,0.0010307449847459793,0.2605001926422119,1231.30078125,506.64453125,20.75244140625,ok
fixed_mm_loop,fixed,cuda,float64,16,250,10,0.000987234991043806,0.0009750619065016508,0.0010422319173812866,0.2605003293646271,1231.30078125,506.64453125,24.15576171875,ok
fixed_mm_loop,fixed,cuda,float32,32,250,10,0.0009905650513246655,0.000976594164967537,0.0010474990122020245,0.15153217315673828,1231.30078125,506.64453125,20.7529296875,ok
fixed_mm_loop,fixed,cuda,float64,32,250,10,0.0009876405820250511,0.0009771150071173906,0.0010346700437366962,0.15153257743763993,1231.30078125,506.64453125,24.15673828125,ok
fixed_mm_loop,fixed,cuda,float32,100,250,10,0.0009942851029336452,0.0009835939854383469,0.0010392169933766127,0.0485532283782959,1231.30078125,506.64453125,20.75537109375,ok
fixed_mm_loop,fixed,cuda,float64,100,250,10,0.0010242355056107044,0.0010164729319512844,0.0010647049639374018,0.0485531861668016,1231.30078125,506.64453125,24.162109375,ok
fixed_mm_loop,fixed,cuda,float32,1,2000,1,0.000965657876804471,0.0009555320721119642,0.002039737068116665,1.0326147079467773,1231.30078125,506.64453125,261.64990234375,ok
fixed_mm_loop,fixed,cuda,float64,1,2000,1,0.0009645966347306967,0.0009546210058033466,0.005718824919313192,1.0326145723052829,1233.30078125,508.64453125,520.58203125,ok
fixed_mm_loop,fixed,cuda,float32,4,2000,1,0.0009743459522724152,0.0009661279618740082,0.002422886900603771,0.7472968101501465,1233.30078125,508.64453125,291.7001953125,ok
fixed_mm_loop,fixed,cuda,float64,4,2000,1,0.0009779309621080756,0.0009675710462033749,0.006444094004109502,0.7472972344679505,1233.30078125,508.64453125,520.58203125,ok
fixed_mm_loop,fixed,cuda,float32,8,2000,1,0.0009744305862113833,0.0009644359815865755,0.0024107389617711306,0.38326048851013184,1233.30078125,508.64453125,291.7001953125,ok
fixed_mm_loop,fixed,cuda,float64,8,2000,1,0.0009800194529816508,0.0009686120320111513,0.0063820520881563425,0.3832610497816411,1233.30078125,508.64453125,520.58203125,ok
fixed_mm_loop,fixed,cuda,float32,16,2000,1,0.0009771300246939063,0.0009681310039013624,0.002425271086394787,0.09622406959533691,1233.30078125,508.64453125,291.7001953125,ok
fixed_mm_loop,fixed,cuda,float64,16,2000,1,0.0009846659377217293,0.0009737201035022736,0.00646547693759203,0.09622459358374336,1233.30078125,508.64453125,520.58203125,ok
fixed_mm_loop,fixed,cuda,float32,32,2000,1,0.0009779604151844978,0.0009689030703157187,0.002425330923870206,0.02625417709350586,1233.30078125,508.64453125,291.7001953125,ok
fixed_mm_loop,fixed,cuda,float64,32,2000,1,0.0009793429635465145,0.0009704350959509611,0.006580096902325749,0.02625433781648079,1233.30078125,508.64453125,520.58203125,ok
fixed_mm_loop,fixed,cuda,float32,100,2000,1,0.0009841549908742309,0.000977284973487258,0.0024671629071235657,0.02313828468322754,1233.30078125,508.64453125,291.7001953125,ok
fixed_mm_loop,fixed,cuda,float64,100,2000,1,0.000983619480393827,0.0009698439389467239,0.006696220021694899,0.02313811798306853,1233.30078125,508.64453125,520.58251953125,ok
fixed_mm_loop,fixed,cuda,float32,1,100,768,0.0009598335018381476,0.0009514070115983486,0.00196480518206954,3.110672950744629,1234.34375,509.6875,47.72119140625,ok
fixed_mm_loop,fixed,cuda,float64,1,100,768,0.0009646359831094742,0.0009527790825814009,0.0026181580033153296,3.110672823155629,1235.34375,510.6875,18.42529296875,ok
fixed_mm_loop,fixed,cuda,float32,1,2000,2,0.0009667145786806941,0.0009580061305314302,0.0024451809003949165,1.6616740226745605,1235.34375,510.6875,261.82275390625,ok
fixed_mm_loop,fixed,cuda,float64,1,2000,2,0.0009633844019845128,0.0009502749890089035,0.006424285005778074,1.661674052330374,1235.34375,510.6875,520.60498046875,ok
fixed_mm_loop,fixed,cuda,float32,4,2000,2,0.0009744504932314157,0.0009665689431130886,0.0024344350676983595,0.22941875457763672,1235.34375,510.6875,291.72314453125,ok
fixed_mm_loop,fixed,cuda,float64,4,2000,2,0.0014622875023633242,0.0014514708891510963,0.00705639598891139,0.22941924691461857,1235.34375,510.6875,520.60498046875,ok
fixed_mm_loop,fixed,cuda,float32,8,2000,2,0.000976774375885725,0.0009658779017627239,0.0024417350068688393,0.39748620986938477,1235.34375,510.6875,291.72314453125,ok
fixed_mm_loop,fixed,cuda,float64,8,2000,2,0.0014663480687886477,0.0014531828928738832,0.007016406860202551,0.3974868675407297,1235.34375,510.6875,520.60498046875,ok
fixed_mm_loop,fixed,cuda,float32,16,2000,2,0.0009800140978768468,0.000967090018093586,0.002457830123603344,0.27060723304748535,1235.34375,510.6875,291.72314453125,ok
fixed_mm_loop,fixed,cuda,float64,16,2000,2,0.0014762079808861017,0.0014652919489890337,0.0070743130054324865,0.2706073336960295,1235.34375,510.6875,520.60498046875,ok
fixed_mm_loop,fixed,cuda,float32,32,2000,2,0.000992216868326068,0.0009837548714131117,0.002452701097354293,0.12169694900512695,1235.34375,510.6875,291.72314453125,ok
fixed_mm_loop,fixed,cuda,float64,32,2000,2,0.0009966589277610183,0.0009908750653266907,0.006662478903308511,0.12169773548924967,1235.34375,510.6875,520.60498046875,ok
fixed_mm_loop,fixed,cuda,float32,4,100,768,0.0009748415322974324,0.0009609311819076538,0.0022380321752279997,0.8010131120681763,1235.34375,510.6875,47.73583984375,ok
fixed_mm_loop,fixed,cuda,float64,4,100,768,0.0009774655336514115,0.0009653470478951931,0.0015974589623510838,0.8010128332503759,1235.84375,511.1875,18.43408203125,ok
fixed_mm_loop,fixed,cuda,float32,100,2000,2,0.000995567417703569,0.0009857180994004011,0.0025273731444031,0.02187490463256836,1235.84375,511.1875,261.8232421875,ok
fixed_mm_loop,fixed,cuda,float64,100,2000,2,0.0010268489131703973,0.00102002895437181,0.007475049002096057,0.021875040830104275,1236.37109375,511.71484375,520.6064453125,ok
fixed_mm_loop,fixed,cuda,float32,8,100,768,0.0009754125494509935,0.000963493948802352,0.0027865590527653694,0.4316328763961792,1236.37109375,511.71484375,47.74560546875,ok
fixed_mm_loop,fixed,cuda,float64,8,100,768,0.0009769140742719173,0.0009633449371904135,0.0014927322044968605,0.4316329363647462,1236.87109375,512.21484375,18.44580078125,ok
fixed_mm_loop,fixed,cuda,float32,16,100,768,0.0009784469148144126,0.0009673710446804762,0.002520862966775894,0.2287999391555786,1236.87109375,512.21484375,17.8818359375,ok
fixed_mm_loop,fixed,cuda,float64,16,100,768,0.0009806349407881498,0.0009639458730816841,0.002713550115004182,0.2287996842988429,1236.87109375,512.21484375,18.48828125,ok
fixed_mm_loop,fixed,cuda,float32,32,100,768,0.000987390405498445,0.000978817930445075,0.001463028835132718,0.1258336305618286,1236.87109375,512.21484375,17.9287109375,ok
fixed_mm_loop,fixed,cuda,float64,32,100,768,0.0009914860129356384,0.0009809010662138462,0.002543187001720071,0.12583352714845564,1236.87109375,512.21484375,18.58203125,ok
fixed_mm_loop,fixed,cuda,float32,100,100,768,0.000985907856374979,0.0009753729682415724,0.002018375089392066,0.06115400791168213,1236.87109375,512.21484375,18.11474609375,ok
fixed_mm_loop,fixed,cuda,float64,100,100,768,0.0011661070166155696,0.0011641532182693481,0.0030882679857313633,0.06115383437515587,1238.87109375,514.21484375,19.41455078125,ok
fixed_mm_loop,fixed,cuda,float32,1,2000,10,0.0009629590203985572,0.0009527879301458597,0.0024298271164298058,2.7603864669799805,1238.87109375,514.21484375,261.8837890625,ok
fixed_mm_loop,fixed,cuda,float64,1,2000,10,0.0009588120738044381,0.0009484719485044479,0.006538985995575786,2.7603869130672845,1238.87109375,514.21484375,520.7880859375,ok
fixed_mm_loop,fixed,cuda,float32,4,2000,10,0.0009752674959599972,0.0009615710005164146,0.002449146006256342,0.604684591293335,1238.87109375,514.21484375,291.90625,ok
fixed_mm_loop,fixed,cuda,float64,4,2000,10,0.001462567481212318,0.0014493679627776146,0.0071690939366817474,0.6046846910990089,1238.87109375,514.21484375,520.7880859375,ok
fixed_mm_loop,fixed,cuda,float32,8,2000,10,0.000976449460722506,0.0009656979236751795,0.002364671090617776,0.313382625579834,1238.87109375,514.21484375,291.90625,ok
fixed_mm_loop,fixed,cuda,float64,8,2000,10,0.0014672544784843922,0.001456177793443203,0.007173860911279917,0.31338268132779756,1238.87109375,514.21484375,520.78857421875,ok
fixed_mm_loop,fixed,cuda,float32,16,2000,10,0.0009746609721332788,0.0009675710462033749,0.0024485760368406773,0.16363859176635742,1238.87109375,514.21484375,291.90673828125,ok
fixed_mm_loop,fixed,cuda,float64,16,2000,10,0.0014778749318793416,0.0014649310614913702,0.007232727948576212,0.16363902820986453,1238.87109375,514.21484375,520.7890625,ok
fixed_mm_loop,fixed,cuda,float32,32,2000,10,0.0009876805124804378,0.0009798489045351744,0.0024483350571244955,0.07873058319091797,1238.87109375,514.21484375,291.9072265625,ok
fixed_mm_loop,fixed,cuda,float64,32,2000,10,0.0009918564464896917,0.000983554869890213,0.0067914510145783424,0.07873054577790928,1238.87109375,514.21484375,520.7900390625,ok
fixed_mm_loop,fixed,cuda,float32,100,2000,10,0.0009977805893868208,0.00099179707467556,0.0024931118823587894,0.029413223266601562,1238.87109375,514.21484375,291.90966796875,ok
fixed_mm_loop,fixed,cuda,float64,100,2000,10,0.001033804495818913,0.0010253170039504766,0.007010417990386486,0.029413426203337423,1238.87109375,514.21484375,520.79541015625,ok
fixed_mm_loop,fixed,cuda,float32,1,250,768,0.0009636400500312448,0.0009521469473838806,0.0015048498753458261,3.135969638824463,1238.87109375,514.21484375,51.66455078125,ok
fixed_mm_loop,fixed,cuda,float64,1,250,768,0.0009688424179330468,0.0009586280211806297,0.0019939281046390533,3.1359701644748137,1239.87109375,515.21484375,26.328125,ok
fixed_mm_loop,fixed,cuda,float32,4,250,768,0.0009733195183798671,0.0009604999795556068,0.0032987219747155905,0.7958616018295288,1239.87109375,515.21484375,22.75830078125,ok
fixed_mm_loop,fixed,cuda,float64,4,250,768,0.000985652906820178,0.0009716160129755735,0.0026991390623152256,0.7958618729795479,1240.42578125,515.76953125,26.345703125,ok
fixed_mm_loop,fixed,cuda,float32,8,250,768,0.0009753869380801916,0.0009652171283960342,0.0016353549435734749,0.40098321437835693,1240.42578125,515.76953125,22.77001953125,ok
fixed_mm_loop,fixed,cuda,float64,8,250,768,0.0009848366025835276,0.0009765538852661848,0.002409988082945347,0.40098362510055785,1240.42578125,515.76953125,26.369140625,ok
fixed_mm_loop,fixed,cuda,float32,16,250,768,0.0009829640621319413,0.0009732688777148724,0.002544158138334751,0.20413243770599365,1240.42578125,515.76953125,22.79345703125,ok
fixed_mm_loop,fixed,cuda,float64,16,250,768,0.0009891929803416133,0.000975221861153841,0.0027248170226812363,0.20413231838257428,1241.42578125,516.76953125,26.416015625,ok
fixed_mm_loop,fixed,cuda,float32,32,250,768,0.0009903495665639639,0.0009745110291987658,0.0030966508202254772,0.10640442371368408,1241.42578125,516.76953125,22.84033203125,ok
fixed_mm_loop,fixed,cuda,float64,32,250,768,0.000991130480542779,0.0009825120214372873,0.002353933872655034,0.10640451238917348,1241.42578125,516.76953125,26.509765625,ok
fixed_mm_loop,fixed,cuda,float32,100,250,768,0.0009938044240698218,0.0009780670516192913,0.0017282429616898298,0.04360842704772949,1242.92578125,518.26953125,23.03955078125,ok
fixed_mm_loop,fixed,cuda,float64,100,250,768,0.0012166771339252591,0.0012138669844716787,0.0015778690576553345,0.043608515431042605,1243.92578125,519.26953125,26.908203125,ok
fixed_mm_loop,fixed,cuda,float32,1,2000,768,0.000962538062594831,0.0009514070115983486,0.0029631119687110186,3.048865795135498,1267.93359375,543.27734375,268.94921875,ok
fixed_mm_loop,fixed,cuda,float64,1,2000,768,0.0009663085220381618,0.0009571649134159088,0.022037862101569772,3.048865871866971,1267.93359375,543.27734375,538.14208984375,ok
fixed_mm_loop,fixed,cuda,float32,4,2000,768,0.0009837944526225328,0.0009707661811262369,0.00324807595461607,0.7538875341415405,1267.93359375,543.27734375,309.26611328125,ok
fixed_mm_loop,fixed,cuda,float64,4,2000,768,0.0009861584985628724,0.0009779350366443396,0.02243321994319558,0.7538876136700543,1267.93359375,543.27734375,538.15966796875,ok
fixed_mm_loop,fixed,cuda,float32,8,2000,768,0.0009841799037531018,0.0009740300010889769,0.0029851540457457304,0.38362443447113037,1267.93359375,543.27734375,309.27783203125,ok
fixed_mm_loop,fixed,cuda,float64,8,2000,768,0.0009935339912772179,0.0009814109653234482,0.02256247284822166,0.38362505229258503,1285.015625,560.359375,538.18310546875,ok
fixed_mm_loop,fixed,cuda,float32,16,2000,768,0.0009891424560919404,0.000980048906058073,0.003003822872415185,0.19465887546539307,1285.015625,560.359375,309.30126953125,ok
fixed_mm_loop,fixed,cuda,float64,16,2000,768,0.0010247109457850456,0.0010125171393156052,0.022649652091786265,0.19465889393489877,1285.015625,560.359375,538.22998046875,ok
fixed_mm_loop,fixed,cuda,float32,32,2000,768,0.0009916310664266348,0.0009826330933719873,0.0030243319924920797,0.09871828556060791,1285.015625,560.359375,309.34814453125,ok
fixed_mm_loop,fixed,cuda,float64,32,2000,768,0.0014940800610929728,0.001482177060097456,0.023118511075153947,0.09871865663459345,1285.015625,560.359375,538.32373046875,ok
fixed_mm_loop,fixed,cuda,float32,100,2000,768,0.0010089175775647163,0.0009991780389100313,0.003104001982137561,0.03369545936584473,1285.015625,560.359375,309.54736328125,ok
fixed_mm_loop,fixed,cuda,float64,100,2000,768,0.002561773988418281,0.00255728792399168,0.024242545012384653,0.03369529940399474,1285.515625,560.859375,538.72216796875,ok
fixed_mm_powchain,fixed,cuda,float32,1,100,1,0.000911411945708096,0.0008995800744742155,0.01955897081643343,2.0376431941986084,1198.578125,475.54296875,16.30126953125,ok
fixed_mm_powchain,fixed,cuda,float64,1,100,1,0.0009212215663865209,0.0009056790731847286,0.0041062431409955025,2.0376430351117714,1238.28125,515.24609375,17.517578125,ok
fixed_mm_powchain,fixed,cuda,float32,4,100,1,0.0009299746016040444,0.0009167750831693411,0.001161949010565877,0.3570058345794678,1238.28125,515.24609375,16.94482421875,ok
fixed_mm_powchain,fixed,cuda,float64,4,100,1,0.0009336998919025064,0.0009231239091604948,0.00110367382876575,0.35700574152439746,1238.28125,515.24609375,17.517578125,ok
fixed_mm_powchain,fixed,cuda,float32,8,100,1,0.0009290433954447508,0.0009170358534902334,0.0009868890047073364,0.045539140701293945,1238.28125,515.24609375,16.94482421875,ok
fixed_mm_powchain,fixed,cuda,float64,8,100,1,0.0009366188896819949,0.0009190188720822334,0.0009818619582802057,0.045538795343057714,1238.28125,515.24609375,17.517578125,ok
fixed_mm_powchain,fixed,cuda,float32,16,100,1,0.0009352830238640308,0.0009210710413753986,0.0010068800766021013,0.2781093120574951,1238.28125,515.24609375,16.94482421875,ok
fixed_mm_powchain,fixed,cuda,float64,16,100,1,0.0009395934175699949,0.0009243269450962543,0.0009794589132070541,0.27810919418358404,1238.28125,515.24609375,17.517578125,ok
fixed_mm_powchain,fixed,cuda,float32,32,100,1,0.0009325430728495121,0.0009220631327480078,0.004278240026906133,0.13926434516906738,1244.38671875,521.3515625,16.94482421875,ok
fixed_mm_powchain,fixed,cuda,float64,32,100,1,0.000937610981054604,0.0009278019424527884,0.000979647971689701,0.13926395749489373,1244.38671875,521.3515625,17.517578125,ok
fixed_mm_powchain,fixed,cuda,float32,1,100,2,0.0009097240399569273,0.0008958238177001476,0.0009662490338087082,1.7986280918121338,1244.88671875,521.8515625,16.9453125,ok
fixed_mm_powchain,fixed,cuda,float64,1,100,2,0.0009143420029431581,0.0009059691801667213,0.0010160531383007765,1.7986277611753723,1244.88671875,521.8515625,17.51904296875,ok
fixed_mm_powchain,fixed,cuda,float32,4,100,2,0.0009304804261773825,0.0009175462182611227,0.0036456380039453506,0.6644930839538574,1250.40234375,527.3671875,16.9462890625,ok
fixed_mm_powchain,fixed,cuda,float64,4,100,2,0.0009367450838908553,0.0009275309275835752,0.001058315159752965,0.6644934227970571,1250.40234375,527.3671875,17.51904296875,ok
fixed_mm_powchain,fixed,cuda,float32,8,100,2,0.0009394686203449965,0.0009297439828515053,0.0010676500387489796,0.4093153476715088,1250.40234375,527.3671875,16.9462890625,ok
fixed_mm_powchain,fixed,cuda,float64,8,100,2,0.0009427934419363737,0.0009268200956285,0.0010055978782474995,0.40931500084879424,1250.40234375,527.3671875,17.51904296875,ok
fixed_mm_powchain,fixed,cuda,float32,16,100,2,0.0009385074954479933,0.0009271209128201008,0.0009866890031844378,0.21517014503479004,1250.40234375,527.3671875,16.9462890625,ok
fixed_mm_powchain,fixed,cuda,float64,16,100,2,0.0009455379331484437,0.0009368839673697948,0.0009987871162593365,0.21517019933053216,1250.40234375,527.3671875,17.51904296875,ok
fixed_mm_powchain,fixed,cuda,float32,32,100,2,0.0009493583347648382,0.0009398700203746557,0.0011250150855630636,0.1315174102783203,1250.40234375,527.3671875,16.9462890625,ok
fixed_mm_powchain,fixed,cuda,float64,32,100,2,0.0009458680870011449,0.0009350820910185575,0.000998134957626462,0.1315174799750798,1250.40234375,527.3671875,17.51904296875,ok
fixed_mm_powchain,fixed,cuda,float32,100,100,1,0.0009355329675599933,0.0009258680511265993,0.0009925980120897293,0.023517131805419922,1250.40234375,527.3671875,16.94580078125,ok
fixed_mm_powchain,fixed,cuda,float64,100,100,1,0.0009319625096395612,0.0009195290040224791,0.0036359031219035387,0.023517210801413668,1254.41796875,531.3828125,17.51806640625,ok
fixed_mm_powchain,fixed,cuda,float32,1,250,1,0.0009166699601337314,0.0009041260927915573,0.0012501319870352745,6.157979488372803,1254.91796875,531.8828125,20.3232421875,ok
fixed_mm_powchain,fixed,cuda,float64,1,250,1,0.0009228191338479519,0.0009132199920713902,0.0010070200078189373,6.157979615575565,1254.91796875,531.8828125,24.12841796875,ok
fixed_mm_powchain,fixed,cuda,float32,4,250,1,0.00093411048874259,0.0009215821046382189,0.000997666036710143,0.5367021560668945,1254.91796875,531.8828125,20.7255859375,ok
fixed_mm_powchain,fixed,cuda,float64,4,250,1,0.0009380616247653961,0.0009265500120818615,0.0009805799927562475,0.5367018165496731,1254.91796875,531.8828125,24.12841796875,ok
fixed_mm_powchain,fixed,cuda,float32,8,250,1,0.0009341760305687785,0.0009233038872480392,0.0010056879837065935,0.17213177680969238,1254.91796875,531.8828125,20.7255859375,ok
fixed_mm_powchain,fixed,cuda,float64,8,250,1,0.0009316719369962811,0.0009220330975949764,0.0009895830880850554,0.17213176323769996,1254.91796875,531.8828125,24.12841796875,ok
fixed_mm_powchain,fixed,cuda,float32,16,250,1,0.0009326578583568335,0.0009214319288730621,0.0009819921106100082,0.1644299030303955,1254.91796875,531.8828125,20.7255859375,ok
fixed_mm_powchain,fixed,cuda,float64,16,250,1,0.000940840458497405,0.0009258890058845282,0.000991756096482277,0.1644306628156853,1254.91796875,531.8828125,24.12841796875,ok
fixed_mm_powchain,fixed,cuda,float32,32,250,1,0.0009360190015286207,0.0009242461528629065,0.0009816610254347324,0.04421639442443848,1254.91796875,531.8828125,20.7255859375,ok
fixed_mm_powchain,fixed,cuda,float64,32,250,1,0.0009408855112269521,0.0009296350181102753,0.0009885719045996666,0.04421654438268918,1254.91796875,531.8828125,24.12841796875,ok
fixed_mm_powchain,fixed,cuda,float32,100,100,2,0.0009512919932603836,0.0009377461392432451,0.0010079198982566595,0.0515751838684082,1254.91796875,531.8828125,17.34814453125,ok
fixed_mm_powchain,fixed,cuda,float64,100,100,2,0.0009457380510866642,0.0009357030503451824,0.001007170183584094,0.051574949389540325,1254.91796875,531.8828125,17.5205078125,ok
fixed_mm_powchain,fixed,cuda,float32,1,100,10,0.00091383489780128,0.0009045968763530254,0.0009936299175024033,2.838141441345215,1254.91796875,531.8828125,16.94921875,ok
fixed_mm_powchain,fixed,cuda,float64,1,100,10,0.0009152080165222287,0.0009065698832273483,0.0010357419960200787,2.838141622015934,1254.91796875,531.8828125,17.52783203125,ok
fixed_mm_powchain,fixed,cuda,float32,4,100,10,0.0009388074977323413,0.000928312074393034,0.0009966040961444378,0.7886528968811035,1254.91796875,531.8828125,16.955078125,ok
fixed_mm_powchain,fixed,cuda,float64,4,100,10,0.000942549086175859,0.000934230862185359,0.0010293920058757067,0.7886530540465078,1254.91796875,531.8828125,17.52783203125,ok
fixed_mm_powchain,fixed,cuda,float32,8,100,10,0.0009378663962706923,0.0009215720929205418,0.0009909560903906822,0.4830918312072754,1254.91796875,531.8828125,16.955078125,ok
fixed_mm_powchain,fixed,cuda,float64,8,100,10,0.0009394589578732848,0.0009288829751312733,0.0009963740594685078,0.48309188002154047,1254.91796875,531.8828125,17.5283203125,ok
fixed_mm_powchain,fixed,cuda,float32,100,250,1,0.0009383625583723187,0.0009270599111914635,0.0009888519998639822,0.013133049011230469,1254.91796875,531.8828125,20.330078125,ok
fixed_mm_powchain,fixed,cuda,float64,100,250,1,0.0009364095749333501,0.000921421917155385,0.001409539021551609,0.013133135432808363,1254.91796875,531.8828125,24.12890625,ok
fixed_mm_powchain,fixed,cuda,float32,1,250,2,0.0009176461026072502,0.0009078120347112417,0.000969212967902422,3.316560745239258,1254.91796875,531.8828125,20.7265625,ok
fixed_mm_powchain,fixed,cuda,float64,1,250,2,0.0009165045339614153,0.0009039361029863358,0.0009745808783918619,3.3165610962421646,1254.91796875,531.8828125,24.13134765625,ok
fixed_mm_powchain,fixed,cuda,float32,4,250,2,0.0009365995647385716,0.0009245169349014759,0.0009903740137815475,1.087282657623291,1254.91796875,531.8828125,20.728515625,ok
fixed_mm_powchain,fixed,cuda,float64,4,250,2,0.0009419625857844949,0.0009289931040257215,0.0010001689661294222,1.0872828958896679,1254.91796875,531.8828125,24.13134765625,ok
fixed_mm_powchain,fixed,cuda,float32,8,250,2,0.0009371604537591338,0.0009254280012100935,0.0009830831550061703,0.4653589725494385,1254.91796875,531.8828125,20.728515625,ok
fixed_mm_powchain,fixed,cuda,float64,8,250,2,0.00094076048117131,0.0009296538773924112,0.0009891230147331953,0.4653585922078074,1254.91796875,531.8828125,24.13134765625,ok
fixed_mm_powchain,fixed,cuda,float32,16,100,10,0.0009351770859211683,0.0009260592050850391,0.000990936066955328,0.23735713958740234,1255.41796875,532.3828125,17.35302734375,ok
fixed_mm_powchain,fixed,cuda,float64,16,100,10,0.0009431594517081976,0.0009317768272012472,0.0009879108984023333,0.2373571054023067,1255.41796875,532.3828125,17.52880859375,ok
fixed_mm_powchain,fixed,cuda,float32,16,250,2,0.0009367300663143396,0.0009227539412677288,0.000987719977274537,0.3192441463470459,1255.41796875,532.3828125,20.3310546875,ok
fixed_mm_powchain,fixed,cuda,float64,16,250,2,0.0009412770159542561,0.0009321179240942001,0.0009785371366888285,0.3192441319760113,1255.41796875,532.3828125,24.13134765625,ok
fixed_mm_powchain,fixed,cuda,float32,32,250,2,0.0009502144530415535,0.0009382669813930988,0.0009925169870257378,0.1352066993713379,1255.41796875,532.3828125,20.728515625,ok
fixed_mm_powchain,fixed,cuda,float64,32,250,2,0.0009431738872081041,0.0009349628817290068,0.0009963337797671556,0.1352067961803658,1255.41796875,532.3828125,24.13134765625,ok
fixed_mm_powchain,fixed,cuda,float32,32,100,10,0.0009485975606366992,0.0009412108920514584,0.0009994280990213156,0.11553120613098145,1255.41796875,532.3828125,17.353515625,ok
fixed_mm_powchain,fixed,cuda,float64,32,100,10,0.0009483169997110963,0.00093638407997787,0.0009961531031876802,0.11553161862834394,1255.41796875,532.3828125,17.52978515625,ok
fixed_mm_powchain,fixed,cuda,float32,100,250,2,0.0009524085326120257,0.0009422830771654844,0.0010690020862966776,0.030039310455322266,1255.41796875,532.3828125,20.33154296875,ok
fixed_mm_powchain,fixed,cuda,float64,100,250,2,0.00098306848667562,0.0009676411282271147,0.001027971040457487,0.030039659260520324,1255.41796875,532.3828125,24.1328125,ok
fixed_mm_powchain,fixed,cuda,float32,100,100,10,0.0009508815128356218,0.0009414318483322859,0.0010225330479443073,0.04308438301086426,1255.41796875,532.3828125,17.35595703125,ok
fixed_mm_powchain,fixed,cuda,float64,100,100,10,0.0009451875230297446,0.0009343309793621302,0.0009866191539913416,0.04308409900639232,1255.41796875,532.3828125,17.53515625,ok
fixed_mm_powchain,fixed,cuda,float32,1,250,10,0.0009187730029225349,0.0009043759200721979,0.0009682821109890938,4.038843154907227,1255.41796875,532.3828125,20.3388671875,ok
fixed_mm_powchain,fixed,cuda,float64,1,250,10,0.0009122480405494571,0.0009005009196698666,0.000987980980426073,4.038843504800983,1255.41796875,532.3828125,24.15478515625,ok
fixed_mm_powchain,fixed,cuda,float32,4,250,10,0.0009342461125925183,0.0009237348567694426,0.000985276885330677,0.7580327987670898,1255.41796875,532.3828125,20.751953125,ok
fixed_mm_powchain,fixed,cuda,float64,4,250,10,0.0009367449674755335,0.0009205199312418699,0.0035335810389369726,0.7580334950883554,1260.93359375,537.8984375,24.15478515625,ok
fixed_mm_powchain,fixed,cuda,float32,8,250,10,0.0009365039877593517,0.0009270799346268177,0.0009798891842365265,0.516211986541748,1260.93359375,537.8984375,20.751953125,ok
fixed_mm_powchain,fixed,cuda,float64,8,250,10,0.0009394839871674776,0.000924175838008523,0.0010839840397238731,0.5162125402658986,1260.93359375,537.8984375,24.1552734375,ok
fixed_mm_powchain,fixed,cuda,float32,16,250,10,0.0009363290155306458,0.0009252170566469431,0.000985126942396164,0.2605001926422119,1260.93359375,537.8984375,20.75244140625,ok
fixed_mm_powchain,fixed,cuda,float64,16,250,10,0.0009388079633936286,0.0009254978504031897,0.0009921269956976175,0.2605003293646271,1260.93359375,537.8984375,24.15576171875,ok
fixed_mm_powchain,fixed,cuda,float32,32,250,10,0.0009481665911152959,0.0009378658141940832,0.000997255090624094,0.15153217315673828,1260.93359375,537.8984375,20.7529296875,ok
fixed_mm_powchain,fixed,cuda,float64,32,250,10,0.0009426235919818282,0.0009328089654445648,0.0010000281035900116,0.15153257743763993,1260.93359375,537.8984375,24.15673828125,ok
fixed_mm_powchain,fixed,cuda,float32,100,250,10,0.0009492529788985848,0.0009376159869134426,0.0010147010907530785,0.0485532283782959,1260.93359375,537.8984375,20.75537109375,ok
fixed_mm_powchain,fixed,cuda,float64,100,250,10,0.0009822124848142266,0.0009665591642260551,0.0010224420111626387,0.0485531861668016,1260.93359375,537.8984375,24.162109375,ok
fixed_mm_powchain,fixed,cuda,float32,1,2000,1,0.0009228340350091457,0.0009128591045737267,0.0019804779440164566,1.0326147079467773,1260.93359375,537.8984375,261.64990234375,ok
fixed_mm_powchain,fixed,cuda,float64,1,2000,1,0.0009217574261128902,0.0009034550748765469,0.005700065987184644,1.0326145723052829,1262.93359375,539.8984375,520.58203125,ok
fixed_mm_powchain,fixed,cuda,float32,4,2000,1,0.0009320225799456239,0.0009235050529241562,0.0024017959367483854,0.7472977638244629,1262.93359375,539.8984375,291.7001953125,ok
fixed_mm_powchain,fixed,cuda,float64,4,2000,1,0.0009362639393657446,0.0009207210969179869,0.00641589192673564,0.7472972344679505,1262.93359375,539.8984375,520.58203125,ok
fixed_mm_powchain,fixed,cuda,float32,8,2000,1,0.0009296996286138892,0.0009206610266119242,0.0024148959200829268,0.38326096534729004,1262.93359375,539.8984375,291.7001953125,ok
fixed_mm_powchain,fixed,cuda,float64,8,2000,1,0.0009365490404888988,0.0009227541740983725,0.006392587907612324,0.38326104978164244,1262.93359375,539.8984375,520.58203125,ok
fixed_mm_powchain,fixed,cuda,float32,16,2000,1,0.0009346716105937958,0.00091748614795506,0.002412492176517844,0.09622406959533691,1262.93359375,539.8984375,291.7001953125,ok
fixed_mm_powchain,fixed,cuda,float64,16,2000,1,0.0009424480376765132,0.0009311959147453308,0.00644703907892108,0.09622459358374336,1262.93359375,539.8984375,520.58203125,ok
fixed_mm_powchain,fixed,cuda,float32,32,2000,1,0.0009368290193378925,0.0009232948068529367,0.002415195107460022,0.026253700256347656,1262.93359375,539.8984375,291.7001953125,ok
fixed_mm_powchain,fixed,cuda,float64,32,2000,1,0.0009429040364921093,0.000929925125092268,0.006491424981504679,0.02625433781648079,1262.93359375,539.8984375,520.58203125,ok
fixed_mm_powchain,fixed,cuda,float32,100,2000,1,0.0009425180032849312,0.0009281320963054895,0.0024542738683521748,0.02313828468322754,1262.93359375,539.8984375,291.7001953125,ok
fixed_mm_powchain,fixed,cuda,float64,100,2000,1,0.0009461735608056188,0.0009343610145151615,0.006539927097037435,0.02313811798306853,1262.93359375,539.8984375,520.58251953125,ok
fixed_mm_powchain,fixed,cuda,float32,1,100,768,0.0009176514577120543,0.0009091640822589397,0.001036692876368761,3.110672950744629,1263.9921875,540.95703125,47.72119140625,ok
fixed_mm_powchain,fixed,cuda,float64,1,100,768,0.0009210959542542696,0.0009050178341567516,0.002293855883181095,3.1106728231556287,1264.9921875,541.95703125,18.42529296875,ok
fixed_mm_powchain,fixed,cuda,float32,1,2000,2,0.0009256330085918307,0.0009148528333753347,0.002436427865177393,1.6616740226745605,1264.9921875,541.95703125,261.82275390625,ok
fixed_mm_powchain,fixed,cuda,float64,1,2000,2,0.0009196994360536337,0.0009095340501517057,0.00639211805537343,1.661674052330374,1264.9921875,541.95703125,520.60498046875,ok
fixed_mm_powchain,fixed,cuda,float32,4,2000,2,0.0009335849899798632,0.0009225329849869013,0.0024386511649936438,0.22941827774047852,1264.9921875,541.95703125,291.72314453125,ok
fixed_mm_powchain,fixed,cuda,float64,4,2000,2,0.0014167295303195715,0.0014017170760780573,0.006985771004110575,0.229419246914619,1264.9921875,541.95703125,520.60498046875,ok
fixed_mm_powchain,fixed,cuda,float32,8,2000,2,0.000932082999497652,0.0009101950563490391,0.002446922939270735,0.39748644828796387,1264.9921875,541.95703125,291.72314453125,ok
fixed_mm_powchain,fixed,cuda,float64,8,2000,2,0.0014188620261847973,0.001407695934176445,0.006989907007664442,0.39748686754073015,1264.9921875,541.95703125,520.60498046875,ok
fixed_mm_powchain,fixed,cuda,float32,16,2000,2,0.000936138560064137,0.0009243760723620653,0.002450627973303199,0.27060699462890625,1264.9921875,541.95703125,291.72314453125,ok
fixed_mm_powchain,fixed,cuda,float64,16,2000,2,0.0014293333515524864,0.001412582816556096,0.007032391149550676,0.2706073336960295,1264.9921875,541.95703125,520.60498046875,ok
fixed_mm_powchain,fixed,cuda,float32,32,2000,2,0.0009479760192334652,0.0009352231863886118,0.002462417120113969,0.12169694900512695,1264.9921875,541.95703125,291.72314453125,ok
fixed_mm_powchain,fixed,cuda,float64,32,2000,2,0.0009482470341026783,0.0009329989552497864,0.006518746027722955,0.12169773548924967,1264.9921875,541.95703125,520.60498046875,ok
fixed_mm_powchain,fixed,cuda,float32,4,100,768,0.0009397040121257305,0.000923526007682085,0.0018378759268671274,0.8010131120681763,1264.9921875,541.95703125,47.73583984375,ok
fixed_mm_powchain,fixed,cuda,float64,4,100,768,0.0009325930150225759,0.0009191590361297131,0.002555103972554207,0.8010128332503759,1264.9921875,541.95703125,18.43408203125,ok
fixed_mm_powchain,fixed,cuda,float32,100,2000,2,0.00095501693431288,0.0009444460738450289,0.0024844591971486807,0.02187490463256836,1264.9921875,541.95703125,261.8232421875,ok
fixed_mm_powchain,fixed,cuda,float64,100,2000,2,0.000989092979580164,0.0009832140058279037,0.007472875993698835,0.021875040830104275,1265.51171875,542.4765625,520.6064453125,ok
fixed_mm_powchain,fixed,cuda,float32,8,100,768,0.0009435300016775727,0.0009322180412709713,0.0018179870676249266,0.4316328763961792,1266.01171875,542.9765625,47.74560546875,ok
fixed_mm_powchain,fixed,cuda,float64,8,100,768,0.0009312215261161327,0.0009151829872280359,0.0023697889409959316,0.4316329363647462,1266.01171875,542.9765625,18.44580078125,ok
fixed_mm_powchain,fixed,cuda,float32,16,100,768,0.0009397040121257305,0.0009221329819411039,0.002234857063740492,0.2287999391555786,1266.01171875,542.9765625,17.8818359375,ok
fixed_mm_powchain,fixed,cuda,float64,16,100,768,0.0009332044282928109,0.0009193189907819033,0.0026630850043147802,0.22879968429884245,1266.01171875,542.9765625,18.48828125,ok
fixed_mm_powchain,fixed,cuda,float32,32,100,768,0.0009500444866716862,0.000937015051022172,0.003105113049969077,0.12583386898040771,1266.01171875,542.9765625,17.9287109375,ok
fixed_mm_powchain,fixed,cuda,float64,32,100,768,0.0009507909417152405,0.0009375358931720257,0.0017976469825953245,0.12583352714845564,1266.01171875,542.9765625,18.58203125,ok
fixed_mm_powchain,fixed,cuda,float32,100,100,768,0.0009442709852010012,0.0009367039892822504,0.0011977541726082563,0.06115400791168213,1266.01171875,542.9765625,18.11474609375,ok
fixed_mm_powchain,fixed,cuda,float64,100,100,768,0.0010977095225825906,0.001088449964299798,0.002261966932564974,0.06115383437515587,1266.01171875,542.9765625,19.41455078125,ok
fixed_mm_powchain,fixed,cuda,float32,1,2000,10,0.0009243114618584514,0.0009124588686972857,0.0024252310395240784,2.7603864669799805,1266.01171875,542.9765625,261.8837890625,ok
fixed_mm_powchain,fixed,cuda,float64,1,2000,10,0.0009178514592349529,0.0009047170169651508,0.006522451061755419,2.7603869130672845,1266.01171875,542.9765625,520.7880859375,ok
fixed_mm_powchain,fixed,cuda,float32,4,2000,10,0.0009369801264256239,0.0009244161192327738,0.0024268529377877712,0.604684591293335,1266.01171875,542.9765625,291.90625,ok
fixed_mm_powchain,fixed,cuda,float64,4,2000,10,0.001420445041731,0.0014057131484150887,0.00714223412796855,0.6046846910990089,1266.01171875,542.9765625,520.7880859375,ok
fixed_mm_powchain,fixed,cuda,float32,8,2000,10,0.0009408609475940466,0.0009270908776670694,0.002428184961900115,0.313382625579834,1266.01171875,542.9765625,291.90625,ok
fixed_mm_powchain,fixed,cuda,float64,8,2000,10,0.001421391498297453,0.0014085068833082914,0.007151247002184391,0.31338268132779756,1266.01171875,542.9765625,520.78857421875,ok
fixed_mm_powchain,fixed,cuda,float32,16,2000,10,0.0009407208999618888,0.0009285621345043182,0.002437939867377281,0.16363883018493652,1266.01171875,542.9765625,291.90673828125,ok
fixed_mm_powchain,fixed,cuda,float64,16,2000,10,0.0014357881154865026,0.0014247321523725986,0.007178998086601496,0.1636390282098641,1266.01171875,542.9765625,520.7890625,ok
fixed_mm_powchain,fixed,cuda,float32,32,2000,10,0.0009502245811745524,0.0009381470736116171,0.002431439934298396,0.07873058319091797,1266.01171875,542.9765625,291.9072265625,ok
fixed_mm_powchain,fixed,cuda,float64,32,2000,10,0.0009530939860269427,0.000945226987823844,0.0066588339395821095,0.07873054577791017,1266.01171875,542.9765625,520.7900390625,ok
fixed_mm_powchain,fixed,cuda,float32,100,2000,10,0.0009598084725439548,0.0009493131656199694,0.0024727019481360912,0.029413223266601562,1266.01171875,542.9765625,291.90966796875,ok
fixed_mm_powchain,fixed,cuda,float64,100,2000,10,0.0009914460824802518,0.0009844861924648285,0.006832062033936381,0.029413426203337423,1266.01171875,542.9765625,520.79541015625,ok
fixed_mm_powchain,fixed,cuda,float32,1,250,768,0.0009252279996871948,0.000915012089535594,0.00198001810349524,3.135969638824463,1267.51171875,544.4765625,51.66455078125,ok
fixed_mm_powchain,fixed,cuda,float64,1,250,768,0.0009255979675799608,0.0009177958127111197,0.0021449129562824965,3.1359701644748137,1269.01171875,545.9765625,26.328125,ok
fixed_mm_powchain,fixed,cuda,float32,4,250,768,0.0009407654870301485,0.0009305858984589577,0.0019371840171515942,0.7958618402481079,1269.01171875,545.9765625,22.75830078125,ok
fixed_mm_powchain,fixed,cuda,float64,4,250,768,0.0009491784730926156,0.0009399999398738146,0.0023235799744725227,0.7958618729795479,1269.5625,546.52734375,26.345703125,ok
fixed_mm_powchain,fixed,cuda,float32,8,250,768,0.0009425734169781208,0.0009310960303992033,0.0014798128977417946,0.40098345279693604,1270.5625,547.52734375,22.77001953125,ok
fixed_mm_powchain,fixed,cuda,float64,8,250,768,0.0009434899548068643,0.0009310559835284948,0.001373654929921031,0.40098362510055785,1270.5625,547.52734375,26.369140625,ok
fixed_mm_powchain,fixed,cuda,float32,16,250,768,0.0009416569955646992,0.0009311458561569452,0.0015342938713729382,0.20413219928741455,1270.5625,547.52734375,22.79345703125,ok
fixed_mm_powchain,fixed,cuda,float64,16,250,768,0.0009467899799346924,0.0009327691514045,0.0012988841626793146,0.20413231838257428,1270.5625,547.52734375,26.416015625,ok
fixed_mm_powchain,fixed,cuda,float32,32,250,768,0.0009515965357422829,0.0009399899281561375,0.001221959013491869,0.10640442371368408,1271.5625,548.52734375,22.84033203125,ok
fixed_mm_powchain,fixed,cuda,float64,32,250,768,0.0009506704518571496,0.0009419519919902086,0.0014655720442533493,0.10640451238917303,1271.5625,548.52734375,26.509765625,ok
fixed_mm_powchain,fixed,cuda,float32,100,250,768,0.0009471098892390728,0.0009307658765465021,0.0019745700992643833,0.04360842704772949,1273.0625,550.02734375,23.03955078125,ok
fixed_mm_powchain,fixed,cuda,float64,100,250,768,0.0011404979741200805,0.0011318849865347147,0.00150478002615273,0.043608515431042605,1273.0625,550.02734375,26.908203125,ok
fixed_mm_powchain,fixed,cuda,float32,1,2000,768,0.0009260890074074268,0.0009134500287473202,0.0029367031529545784,3.048865795135498,1297.46484375,574.4296875,268.94921875,ok
fixed_mm_powchain,fixed,cuda,float64,1,2000,768,0.0009296145290136337,0.0009123780764639378,0.02201805217191577,3.048865871866971,1297.46484375,574.4296875,538.14208984375,ok
fixed_mm_powchain,fixed,cuda,float32,4,2000,768,0.0009448975324630737,0.0009327491279691458,0.004214535001665354,0.7538877725601196,1308.515625,585.48046875,309.26611328125,ok
fixed_mm_powchain,fixed,cuda,float64,4,2000,768,0.0009454174432903528,0.0009311370085924864,0.0223756639752537,0.7538876136700539,1308.515625,585.48046875,538.15966796875,ok
fixed_mm_powchain,fixed,cuda,float32,8,2000,768,0.0009463591268286109,0.0009380269329994917,0.002980927936732769,0.3836246728897095,1319.77734375,596.7421875,309.27783203125,ok
fixed_mm_powchain,fixed,cuda,float64,8,2000,768,0.0009505648631602526,0.000940720085054636,0.02248991490341723,0.38362505229258503,1319.77734375,596.7421875,538.18310546875,ok
fixed_mm_powchain,fixed,cuda,float32,16,2000,768,0.0009483370231464505,0.0009373251814395189,0.00303842406719923,0.19465863704681396,1319.77734375,596.7421875,309.30126953125,ok
fixed_mm_powchain,fixed,cuda,float64,16,2000,768,0.0009812358766794205,0.0009704339317977428,0.022584515158087015,0.19465889393489832,1319.77734375,596.7421875,538.22998046875,ok
fixed_mm_powchain,fixed,cuda,float32,32,2000,768,0.0009573055431246758,0.0009457380510866642,0.003008349100127816,0.09871876239776611,1319.77734375,596.7421875,309.34814453125,ok
fixed_mm_powchain,fixed,cuda,float64,32,2000,768,0.0014524075668305159,0.0014354470185935497,0.023039984051138163,0.098718656634593,1328.2734375,605.23828125,538.32373046875,ok
fixed_mm_powchain,fixed,cuda,float32,100,2000,768,0.0009675055043771863,0.0009514170233160257,0.0030846931040287018,0.03369545936584473,1340.21484375,617.1796875,309.54736328125,ok
fixed_mm_powchain,fixed,cuda,float64,100,2000,768,0.0023806090466678143,0.002375385956838727,0.024074544198811054,0.033695299403994294,1340.21484375,617.1796875,538.72216796875,ok
fixed_mm_chunked256,fixed,cuda,float32,1,100,1,0.0007965458789840341,0.0007855801377445459,0.04056560597382486,2.0376431941986084,1165.58984375,442.77734375,16.2998046875,ok
fixed_mm_chunked256,fixed,cuda,float64,1,100,1,0.0008038469823077321,0.0007915380410850048,0.004053384996950626,2.0376430351117714,1205.8046875,482.9921875,17.517578125,ok
fixed_mm_chunked256,fixed,cuda,float32,4,100,1,0.0008116334211081266,0.0007974870968610048,0.00107788504101336,0.3570058345794678,1205.8046875,482.9921875,16.94482421875,ok
fixed_mm_chunked256,fixed,cuda,float64,4,100,1,0.0008231955580413342,0.000801693880930543,0.0010152519680559635,0.357005741524397,1205.8046875,482.9921875,17.517578125,ok
fixed_mm_chunked256,fixed,cuda,float32,8,100,1,0.0008131654467433691,0.0008002908434718847,0.0008699649479240179,0.045539140701293945,1205.8046875,482.9921875,16.94482421875,ok
fixed_mm_chunked256,fixed,cuda,float64,8,100,1,0.0008277575252577662,0.0008090350311249495,0.0008594789542257786,0.045538795343057714,1206.3046875,483.4921875,17.517578125,ok
fixed_mm_chunked256,fixed,cuda,float32,16,100,1,0.0008173020323738456,0.0008069421164691448,0.000893270131200552,0.2781093120574951,1206.3046875,483.4921875,16.94482421875,ok
fixed_mm_chunked256,fixed,cuda,float64,16,100,1,0.0008251083781942725,0.0008052289485931396,0.0008726092055439949,0.27810919418358404,1206.3046875,483.4921875,17.517578125,ok
fixed_mm_chunked256,fixed,cuda,float32,32,100,1,0.0008187589701265097,0.0008096250239759684,0.004005693830549717,0.13926410675048828,1211.3046875,488.4921875,16.94482421875,ok
fixed_mm_chunked256,fixed,cuda,float64,32,100,1,0.0008308520773425698,0.0008184791076928377,0.0008784080855548382,0.1392639574948933,1211.3046875,488.4921875,17.517578125,ok
fixed_mm_chunked256,fixed,cuda,float32,1,100,2,0.0007985041011124849,0.000786361051723361,0.0008488739840686321,1.7986276149749756,1211.3046875,488.4921875,16.9453125,ok
fixed_mm_chunked256,fixed,cuda,float64,1,100,2,0.0008049334865063429,0.000792098930105567,0.0009114369750022888,1.798627761175374,1211.3046875,488.4921875,17.51904296875,ok
fixed_mm_chunked256,fixed,cuda,float32,4,100,2,0.0008166709449142218,0.0008003718685358763,0.0034655998460948467,0.6644930839538574,1216.8359375,494.0234375,16.9462890625,ok
fixed_mm_chunked256,fixed,cuda,float64,4,100,2,0.0008326600072905421,0.0008203319739550352,0.0009486121125519276,0.6644934227970571,1216.8359375,494.0234375,17.51904296875,ok
fixed_mm_chunked256,fixed,cuda,float32,8,100,2,0.0008159701246768236,0.0008036468643695116,0.0009457278065383434,0.4093151092529297,1216.8359375,494.0234375,16.9462890625,ok
fixed_mm_chunked256,fixed,cuda,float64,8,100,2,0.0008288745302706957,0.0008128602057695389,0.000863255001604557,0.40931500084879424,1216.8359375,494.0234375,17.51904296875,ok
fixed_mm_chunked256,fixed,cuda,float32,16,100,2,0.0008230756502598524,0.0008154038805514574,0.000870727002620697,0.21517014503479004,1216.8359375,494.0234375,16.9462890625,ok
fixed_mm_chunked256,fixed,cuda,float64,16,100,2,0.0008330855052918196,0.0008182679302990437,0.0009090129751712084,0.21517019933053216,1216.8359375,494.0234375,17.51904296875,ok
fixed_mm_chunked256,fixed,cuda,float32,32,100,2,0.0008370209252461791,0.0008198709692806005,0.000988011946901679,0.1315171718597412,1216.8359375,494.0234375,16.9462890625,ok
fixed_mm_chunked256,fixed,cuda,float64,32,100,2,0.0008324839873239398,0.0008195699192583561,0.000882904976606369,0.1315174799750798,1216.8359375,494.0234375,17.51904296875,ok
fixed_mm_chunked256,fixed,cuda,float32,100,100,1,0.0008196705020964146,0.0008034859783947468,0.0008447880391031504,0.023517131805419922,1216.8359375,494.0234375,16.94580078125,ok
fixed_mm_chunked256,fixed,cuda,float64,100,100,1,0.0008216535206884146,0.0008102669380605221,0.004202747019007802,0.023517210801413668,1221.8671875,499.0546875,17.63134765625,ok
fixed_mm_chunked256,fixed,cuda,float32,1,250,1,0.0008012179750949144,0.0007888139225542545,0.0010791171807795763,6.157979965209961,1222.8671875,500.0546875,20.3232421875,ok
fixed_mm_chunked256,fixed,cuda,float64,1,250,1,0.0008035064674913883,0.0007930709980428219,0.000864255940541625,6.157979615575565,1222.8671875,500.0546875,24.12841796875,ok
fixed_mm_chunked256,fixed,cuda,float32,4,250,1,0.0008170864311978221,0.0008023341652005911,0.0008775058668106794,0.5367021560668945,1222.8671875,500.0546875,20.7255859375,ok
fixed_mm_chunked256,fixed,cuda,float64,4,250,1,0.0008224949706345797,0.0008037169463932514,0.0008748320396989584,0.5367018165496731,1222.8671875,500.0546875,24.12841796875,ok
fixed_mm_chunked256,fixed,cuda,float32,8,250,1,0.0008183735189959407,0.0008035469800233841,0.0008585590403527021,0.17213177680969238,1222.8671875,500.0546875,20.7255859375,ok
fixed_mm_chunked256,fixed,cuda,float64,8,250,1,0.0008272114209830761,0.0008126900065690279,0.0008583669550716877,0.17213176323769996,1222.8671875,500.0546875,24.12841796875,ok
fixed_mm_chunked256,fixed,cuda,float32,16,250,1,0.0008198354626074433,0.0008084340952336788,0.0008661490865051746,0.1644303798675537,1222.8671875,500.0546875,20.7255859375,ok
fixed_mm_chunked256,fixed,cuda,float64,16,250,1,0.0008263755589723587,0.0008138620760291815,0.0008976259268820286,0.1644306628156853,1222.8671875,500.0546875,24.12841796875,ok
fixed_mm_chunked256,fixed,cuda,float32,32,250,1,0.0008233304833993316,0.0008112180512398481,0.0008774269372224808,0.04421639442443848,1222.8671875,500.0546875,20.7255859375,ok
fixed_mm_chunked256,fixed,cuda,float64,32,250,1,0.0008247230434790254,0.0008126199245452881,0.0008669309318065643,0.044216544382688294,1222.8671875,500.0546875,24.12841796875,ok
fixed_mm_chunked256,fixed,cuda,float32,100,100,2,0.0008370010182261467,0.0008245478384196758,0.000980470096692443,0.05157470703125,1222.8671875,500.0546875,17.34814453125,ok
fixed_mm_chunked256,fixed,cuda,float64,100,100,2,0.0008374364115297794,0.0008277620654553175,0.0008706860244274139,0.051574949389540325,1222.8671875,500.0546875,17.63330078125,ok
fixed_mm_chunked256,fixed,cuda,float32,1,100,10,0.0007960654329508543,0.0007848979439586401,0.0008566961623728275,2.838141441345215,1222.8671875,500.0546875,16.94921875,ok
fixed_mm_chunked256,fixed,cuda,float64,1,100,10,0.0008093301439657807,0.0007916779723018408,0.0009169450495392084,2.838141622015934,1222.8671875,500.0546875,17.52783203125,ok
fixed_mm_chunked256,fixed,cuda,float32,4,100,10,0.0008208319777622819,0.0008055099751800299,0.0008923891000449657,0.7886528968811035,1222.8671875,500.0546875,16.955078125,ok
fixed_mm_chunked256,fixed,cuda,float64,4,100,10,0.0008340970380231738,0.0008186479099094868,0.0009129790123552084,0.7886530540465082,1222.8671875,500.0546875,17.52783203125,ok
fixed_mm_chunked256,fixed,cuda,float32,8,100,10,0.0008178525604307652,0.0008080939296633005,0.0008769058622419834,0.4830920696258545,1222.8671875,500.0546875,16.955078125,ok
fixed_mm_chunked256,fixed,cuda,float64,8,100,10,0.0008328950498253107,0.0008202609606087208,0.0008717780001461506,0.48309188002154,1222.8671875,500.0546875,17.5283203125,ok
fixed_mm_chunked256,fixed,cuda,float32,100,250,1,0.0008209325606003404,0.0008082729764282703,0.0008651979733258486,0.013133049011230469,1222.8671875,500.0546875,20.330078125,ok
fixed_mm_chunked256,fixed,cuda,float64,100,250,1,0.0008177075069397688,0.0008059700485318899,0.001249820925295353,0.013133135432808363,1222.8671875,500.0546875,24.12890625,ok
fixed_mm_chunked256,fixed,cuda,float32,1,250,2,0.000803836970590055,0.000791558064520359,0.0008678720332682133,3.316560745239258,1222.8671875,500.0546875,20.7265625,ok
fixed_mm_chunked256,fixed,cuda,float64,1,250,2,0.0008023750269785523,0.0007922500371932983,0.0008430250454694033,3.3165610962421646,1222.8671875,500.0546875,24.13134765625,ok
fixed_mm_chunked256,fixed,cuda,float32,4,250,2,0.0008151639485731721,0.0008042380213737488,0.0008520190604031086,1.087282657623291,1222.8671875,500.0546875,20.728515625,ok
fixed_mm_chunked256,fixed,cuda,float64,4,250,2,0.000831658486276865,0.0008169559296220541,0.0008726189844310284,1.0872828958896679,1222.8671875,500.0546875,24.13134765625,ok
fixed_mm_chunked256,fixed,cuda,float32,8,250,2,0.0008196149719879031,0.0008067709859460592,0.0008598999120295048,0.4653589725494385,1222.8671875,500.0546875,20.728515625,ok
fixed_mm_chunked256,fixed,cuda,float64,8,250,2,0.0008356395410373807,0.0008219040464609861,0.0008747419342398643,0.4653585922078074,1222.8671875,500.0546875,24.13134765625,ok
fixed_mm_chunked256,fixed,cuda,float32,16,100,10,0.0008228699443861842,0.0008119989652186632,0.000883874949067831,0.23735713958740234,1222.8671875,500.0546875,17.35302734375,ok
fixed_mm_chunked256,fixed,cuda,float64,16,100,10,0.0008381579536944628,0.0008272009436041117,0.000883905915543437,0.2373571054023067,1222.8671875,500.0546875,17.52880859375,ok
fixed_mm_chunked256,fixed,cuda,float32,16,250,2,0.0008234815904870629,0.000807381933555007,0.0008679330348968506,0.3192436695098877,1222.8671875,500.0546875,20.3310546875,ok
fixed_mm_chunked256,fixed,cuda,float64,16,250,2,0.0008367904229089618,0.0008199911098927259,0.0008807911071926355,0.3192441319760122,1222.8671875,500.0546875,24.13134765625,ok
fixed_mm_chunked256,fixed,cuda,float32,32,250,2,0.0008376919431611896,0.0008227038197219372,0.0008882831316441298,0.1352066993713379,1222.8671875,500.0546875,20.728515625,ok
fixed_mm_chunked256,fixed,cuda,float64,32,250,2,0.0008351430296897888,0.0008199708536267281,0.0008693451527506113,0.1352067961803658,1222.8671875,500.0546875,24.13134765625,ok
fixed_mm_chunked256,fixed,cuda,float32,32,100,10,0.0008371321018785238,0.0008190488442778587,0.0008998201228678226,0.11553168296813965,1222.8671875,500.0546875,17.353515625,ok
fixed_mm_chunked256,fixed,cuda,float64,32,100,10,0.0008382485248148441,0.0008269909303635359,0.0009000501595437527,0.11553161862834394,1222.8671875,500.0546875,17.52978515625,ok
fixed_mm_chunked256,fixed,cuda,float32,100,250,2,0.0008352689910680056,0.0008190900553017855,0.0009571150876581669,0.03003978729248047,1223.3671875,500.5546875,20.33154296875,ok
fixed_mm_chunked256,fixed,cuda,float64,100,250,2,0.0008384434040635824,0.0008269608952105045,0.0008757140021771193,0.030039659260520324,1223.3671875,500.5546875,24.1328125,ok
fixed_mm_chunked256,fixed,cuda,float32,100,100,10,0.0008384834509342909,0.0008260400500148535,0.0008833450265228748,0.04308438301086426,1223.3671875,500.5546875,17.35595703125,ok
fixed_mm_chunked256,fixed,cuda,float64,100,100,10,0.0008403464453294873,0.0008225939236581326,0.0008707360830157995,0.04308409900639232,1223.3671875,500.5546875,17.64501953125,ok
fixed_mm_chunked256,fixed,cuda,float32,1,250,10,0.000805374002084136,0.0007927208207547665,0.0008587189950048923,4.038843154907227,1223.3671875,500.5546875,20.3388671875,ok
fixed_mm_chunked256,fixed,cuda,float64,1,250,10,0.0008044129936024547,0.000790958059951663,0.0008557641413062811,4.038843504800983,1223.3671875,500.5546875,24.15478515625,ok
fixed_mm_chunked256,fixed,cuda,float32,4,250,10,0.0008178731659427285,0.0008077919483184814,0.0008582870941609144,0.758033037185669,1223.3671875,500.5546875,20.751953125,ok
fixed_mm_chunked256,fixed,cuda,float64,4,250,10,0.0008269610116258264,0.0008145028259605169,0.0034463610500097275,0.7580334950883554,1228.3828125,505.5703125,24.15478515625,ok
fixed_mm_chunked256,fixed,cuda,float32,8,250,10,0.0008242573821917176,0.0008152329828590155,0.0008600209839642048,0.5162122249603271,1228.3828125,505.5703125,20.751953125,ok
fixed_mm_chunked256,fixed,cuda,float64,8,250,10,0.0008330409182235599,0.0008201408199965954,0.0009411110077053308,0.5162125402658981,1228.3828125,505.5703125,24.1552734375,ok
fixed_mm_chunked256,fixed,cuda,float32,16,250,10,0.000822473899461329,0.0008133300580084324,0.0008539410773664713,0.2604999542236328,1228.3828125,505.5703125,20.75244140625,ok
fixed_mm_chunked256,fixed,cuda,float64,16,250,10,0.0008358494378626347,0.000823215814307332,0.0008751528803259134,0.2605003293646275,1228.3828125,505.5703125,24.15576171875,ok
fixed_mm_chunked256,fixed,cuda,float32,32,250,10,0.0008366354741156101,0.0008235659915953875,0.0008743619546294212,0.15153217315673828,1228.3828125,505.5703125,20.7529296875,ok
fixed_mm_chunked256,fixed,cuda,float64,32,250,10,0.0008388039423152804,0.0008214730769395828,0.0008765349630266428,0.15153257743763993,1228.3828125,505.5703125,24.15673828125,ok
fixed_mm_chunked256,fixed,cuda,float32,100,250,10,0.0008376069599762559,0.0008245969656854868,0.0008874509949237108,0.0485532283782959,1228.3828125,505.5703125,20.75537109375,ok
fixed_mm_chunked256,fixed,cuda,float64,100,250,10,0.0008395155891776085,0.0008283830247819424,0.0008893951307982206,0.0485531861668016,1228.3828125,505.5703125,24.162109375,ok
fixed_mm_chunked256,fixed,cuda,float32,1,2000,1,0.0026484280824661255,0.0026313879061490297,0.002707670908421278,1.0326132774353027,1228.3828125,505.5703125,261.64990234375,ok
fixed_mm_chunked256,fixed,cuda,float64,1,2000,1,0.0026534509379416704,0.0026303469203412533,0.006396975135430694,1.0326145723052829,1230.3828125,507.5703125,520.58203125,ok
fixed_mm_chunked256,fixed,cuda,float32,4,2000,1,0.002656379947438836,0.0026367451064288616,0.0029972728807479143,0.7472972869873047,1230.3828125,507.5703125,291.7001953125,ok
fixed_mm_chunked256,fixed,cuda,float64,4,2000,1,0.0026600154815241694,0.002637638011947274,0.00743406917899847,0.7472972344679505,1230.3828125,507.5703125,520.58203125,ok
fixed_mm_chunked256,fixed,cuda,float32,8,2000,1,0.0026400659698992968,0.002622244181111455,0.003010221989825368,0.38326001167297363,1230.3828125,507.5703125,291.7001953125,ok
fixed_mm_chunked256,fixed,cuda,float64,8,2000,1,0.002663154387846589,0.0026457190979272127,0.007464734138920903,0.3832610497816411,1230.3828125,507.5703125,520.58203125,ok
fixed_mm_chunked256,fixed,cuda,float32,16,2000,1,0.0026420591166242957,0.0026265999767929316,0.003016812028363347,0.09622454643249512,1230.3828125,507.5703125,291.7001953125,ok
fixed_mm_chunked256,fixed,cuda,float64,16,2000,1,0.0026559389661997557,0.002634151838719845,0.0075327150989323854,0.09622459358374424,1230.3828125,507.5703125,520.58203125,ok
fixed_mm_chunked256,fixed,cuda,float32,32,2000,1,0.002663019928149879,0.0026452578604221344,0.003024333156645298,0.026253700256347656,1230.3828125,507.5703125,291.7001953125,ok
fixed_mm_chunked256,fixed,cuda,float64,32,2000,1,0.0026713175466284156,0.002648534020408988,0.007592574926093221,0.02625433781648079,1230.3828125,507.5703125,520.58203125,ok
fixed_mm_chunked256,fixed,cuda,float32,100,2000,1,0.002647947985678911,0.002620331011712551,0.003085543867200613,0.02313828468322754,1230.3828125,507.5703125,291.7001953125,ok
fixed_mm_chunked256,fixed,cuda,float64,100,2000,1,0.002648062538355589,0.002628863090649247,0.007787093985825777,0.023138117983069417,1230.3828125,507.5703125,520.58251953125,ok
fixed_mm_chunked256,fixed,cuda,float32,1,100,768,0.0007982630049809813,0.0007877829484641552,0.001300866948440671,3.110672950744629,1231.94140625,509.12890625,47.72119140625,ok
fixed_mm_chunked256,fixed,cuda,float64,1,100,768,0.0008110925555229187,0.000799169996753335,0.002503408119082451,3.110672823155629,1232.94140625,510.12890625,18.42529296875,ok
fixed_mm_chunked256,fixed,cuda,float32,1,2000,2,0.002642915118485689,0.002624067012220621,0.0030178239103406668,1.6616730690002441,1232.94140625,510.12890625,261.82275390625,ok
fixed_mm_chunked256,fixed,cuda,float64,1,2000,2,0.0026616378454491496,0.0026425039395689964,0.007146741030737758,1.661674052330373,1232.94140625,510.12890625,520.60498046875,ok
fixed_mm_chunked256,fixed,cuda,float32,4,2000,2,0.002658423036336899,0.0026435661129653454,0.0030290998984128237,0.22941875457763672,1232.94140625,510.12890625,291.72314453125,ok
fixed_mm_chunked256,fixed,cuda,float64,4,2000,2,0.002689804998226464,0.0026699949521571398,0.008048152085393667,0.229419246914619,1232.94140625,510.12890625,520.60498046875,ok
fixed_mm_chunked256,fixed,cuda,float32,8,2000,2,0.0026449529686942697,0.0026183389127254486,0.0030314531177282333,0.39748573303222656,1232.94140625,510.12890625,291.72314453125,ok
fixed_mm_chunked256,fixed,cuda,float64,8,2000,2,0.0026718630688264966,0.0026566048618406057,0.008109062910079956,0.3974868675407297,1232.94140625,510.12890625,520.60498046875,ok
fixed_mm_chunked256,fixed,cuda,float32,16,2000,2,0.0026453585596755147,0.0026258500292897224,0.0030616179574280977,0.27060770988464355,1232.94140625,510.12890625,291.72314453125,ok
fixed_mm_chunked256,fixed,cuda,float64,16,2000,2,0.002667191089130938,0.0026526888832449913,0.008142423117533326,0.2706073336960304,1232.94140625,510.12890625,520.60498046875,ok
fixed_mm_chunked256,fixed,cuda,float32,32,2000,2,0.002719488460570574,0.0027052180375903845,0.0031531350687146187,0.12169694900512695,1232.94140625,510.12890625,291.72314453125,ok
fixed_mm_chunked256,fixed,cuda,float64,32,2000,2,0.0026606719475239515,0.002647422021254897,0.008225176017731428,0.12169773548924967,1232.94140625,510.12890625,520.60498046875,ok
fixed_mm_chunked256,fixed,cuda,float32,4,100,768,0.0008165459148585796,0.0008046079892665148,0.0026216430123895407,0.8010131120681763,1232.94140625,510.12890625,47.73583984375,ok
fixed_mm_chunked256,fixed,cuda,float64,4,100,768,0.0008249229285866022,0.0008111670613288879,0.0017575868405401707,0.8010128332503759,1232.94140625,510.12890625,18.43408203125,ok
fixed_mm_chunked256,fixed,cuda,float32,100,2000,2,0.0028084509540349245,0.0027078420389443636,0.0032423471566289663,0.021874666213989258,1232.94140625,510.12890625,261.8232421875,ok
fixed_mm_chunked256,fixed,cuda,float64,100,2000,2,0.0027644559741020203,0.0026673919055610895,0.008474478032439947,0.021875040830104275,1232.94140625,510.12890625,520.6064453125,ok
fixed_mm_chunked256,fixed,cuda,float32,8,100,768,0.0008205460617318749,0.0008088650647550821,0.0028167839627712965,0.4316331148147583,1232.94140625,510.12890625,47.74560546875,ok
fixed_mm_chunked256,fixed,cuda,float64,8,100,768,0.0008249984821304679,0.0008120390120893717,0.002402698155492544,0.4316329363647471,1232.94140625,510.12890625,18.44580078125,ok
fixed_mm_chunked256,fixed,cuda,float32,16,100,768,0.0008239914895966649,0.0008127198088914156,0.003252302063629031,0.2287999391555786,1232.94140625,510.12890625,17.8818359375,ok
fixed_mm_chunked256,fixed,cuda,float64,16,100,768,0.0008239169837906957,0.0008121391292661428,0.001183582004159689,0.2287996842988429,1232.94140625,510.12890625,18.48828125,ok
fixed_mm_chunked256,fixed,cuda,float32,32,100,768,0.0008358240593224764,0.0008245978970080614,0.0031997940968722105,0.1258336305618286,1232.94140625,510.12890625,17.9287109375,ok
fixed_mm_chunked256,fixed,cuda,float64,32,100,768,0.0008419584482908249,0.0008251490071415901,0.0012389151379466057,0.12583352714845608,1232.94140625,510.12890625,18.58203125,ok
fixed_mm_chunked256,fixed,cuda,float32,100,100,768,0.000830220989882946,0.000817666994407773,0.0022221889812499285,0.06115400791168213,1233.44140625,510.62890625,18.51171875,ok
fixed_mm_chunked256,fixed,cuda,float64,100,100,768,0.0011026969878003001,0.0011000179219990969,0.0014500489924103022,0.06115383437515676,1233.44140625,510.62890625,20.76611328125,ok
fixed_mm_chunked256,fixed,cuda,float32,1,2000,10,0.002722728531807661,0.002614363096654415,0.0030026009771972895,2.7603864669799805,1233.44140625,510.62890625,261.8837890625,ok
fixed_mm_chunked256,fixed,cuda,float64,1,2000,10,0.0027474506059661508,0.0026555939111858606,0.007266228087246418,2.7603869130672853,1233.44140625,510.62890625,520.7880859375,ok
fixed_mm_chunked256,fixed,cuda,float32,4,2000,10,0.0027573355473577976,0.002680331002920866,0.003030973020941019,0.604684591293335,1233.44140625,510.62890625,291.90625,ok
fixed_mm_chunked256,fixed,cuda,float64,4,2000,10,0.0027610210236161947,0.0026767251547425985,0.008157865842804313,0.6046846910990089,1233.44140625,510.62890625,520.7880859375,ok
fixed_mm_chunked256,fixed,cuda,float32,8,2000,10,0.002746424521319568,0.0026443160604685545,0.003036079928278923,0.313382625579834,1233.44140625,510.62890625,291.90625,ok
fixed_mm_chunked256,fixed,cuda,float64,8,2000,10,0.002784640993922949,0.0026978659443557262,0.008281791117042303,0.31338268132779845,1233.44140625,510.62890625,520.78857421875,ok
fixed_mm_chunked256,fixed,cuda,float32,16,2000,10,0.002754471031948924,0.002674682065844536,0.0030373719055205584,0.16363859176635742,1233.44140625,510.62890625,291.90673828125,ok
fixed_mm_chunked256,fixed,cuda,float64,16,2000,10,0.0027825330616906285,0.0027513261884450912,0.008291254984214902,0.16363902820986453,1233.44140625,510.62890625,520.7890625,ok
fixed_mm_chunked256,fixed,cuda,float32,32,2000,10,0.002808145945891738,0.002705848077312112,0.003126764902845025,0.07873106002807617,1233.44140625,510.62890625,291.9072265625,ok
fixed_mm_chunked256,fixed,cuda,float64,32,2000,10,0.0027860631234943867,0.002699399134144187,0.008371202973648906,0.07873054577790839,1233.44140625,510.62890625,520.7900390625,ok
fixed_mm_chunked256,fixed,cuda,float32,100,2000,10,0.002832898055203259,0.0027449759654700756,0.0032179809641093016,0.029413223266601562,1233.44140625,510.62890625,291.90966796875,ok
fixed_mm_chunked256,fixed,cuda,float64,100,2000,10,0.002789793419651687,0.0027010119520127773,0.008628906914964318,0.029413426203336535,1233.44140625,510.62890625,520.79541015625,ok
fixed_mm_chunked256,fixed,cuda,float32,1,250,768,0.0008045773720368743,0.0007932709995657206,0.00206933100707829,3.135969638824463,1235.44140625,512.62890625,51.66455078125,ok
fixed_mm_chunked256,fixed,cuda,float64,1,250,768,0.0008108424954116344,0.0008004410192370415,0.0019364941399544477,3.1359701644748137,1235.44140625,512.62890625,26.328125,ok
fixed_mm_chunked256,fixed,cuda,float32,4,250,768,0.0008195299888029695,0.0008064401336014271,0.003362497081980109,0.7958616018295288,1235.44140625,512.62890625,22.75830078125,ok
fixed_mm_chunked256,fixed,cuda,float64,4,250,768,0.0008325745584443212,0.0008195498958230019,0.0023587921168655157,0.7958618729795484,1235.9453125,513.1328125,26.345703125,ok
fixed_mm_chunked256,fixed,cuda,float32,8,250,768,0.0008241769392043352,0.0008107770700007677,0.000978647032752633,0.40098345279693604,1236.4453125,513.6328125,22.77001953125,ok
fixed_mm_chunked256,fixed,cuda,float64,8,250,768,0.0008360540959984064,0.0008197510614991188,0.002296839840710163,0.4009836251005583,1239.4453125,516.6328125,26.369140625,ok
fixed_mm_chunked256,fixed,cuda,float32,16,250,768,0.0008270065300166607,0.0008140320423990488,0.0017596101388335228,0.20413219928741455,1239.4453125,516.6328125,22.79345703125,ok
fixed_mm_chunked256,fixed,cuda,float64,16,250,768,0.0008333510486409068,0.000822294969111681,0.001682935981079936,0.20413231838257473,1239.4453125,516.6328125,26.416015625,ok
fixed_mm_chunked256,fixed,cuda,float32,32,250,768,0.000837071449495852,0.0008219140581786633,0.0016671419143676758,0.10640418529510498,1239.4453125,516.6328125,22.84033203125,ok
fixed_mm_chunked256,fixed,cuda,float64,32,250,768,0.0008418229408562183,0.0008227250073105097,0.0019043348729610443,0.10640451238917303,1239.4453125,516.6328125,26.509765625,ok
fixed_mm_chunked256,fixed,cuda,float32,100,250,768,0.0008349029812961817,0.0008218542207032442,0.0013931039720773697,0.04360842704772949,1239.4453125,516.6328125,23.03955078125,ok
fixed_mm_chunked256,fixed,cuda,float64,100,250,768,0.0011688899248838425,0.001166636822745204,0.0015229769051074982,0.043608515431042605,1239.4453125,516.6328125,26.908203125,ok
fixed_mm_chunked256,fixed,cuda,float32,1,2000,768,0.0027310058940201998,0.0026383178774267435,0.003545559011399746,3.04886531829834,1262.36328125,539.55078125,268.94921875,ok
fixed_mm_chunked256,fixed,cuda,float64,1,2000,768,0.0027333550387993455,0.00263802707195282,0.022763481829315424,3.0488658718669717,1268.50390625,545.69140625,538.14208984375,ok
fixed_mm_chunked256,fixed,cuda,float32,4,2000,768,0.0027508605271577835,0.0026545319706201553,0.003577285911887884,0.7538875341415405,1280.50390625,557.69140625,309.26611328125,ok
fixed_mm_chunked256,fixed,cuda,float64,4,2000,768,0.002800674526952207,0.002716084010899067,0.02362719806842506,0.7538876136700547,1280.50390625,557.69140625,538.15966796875,ok
fixed_mm_chunked256,fixed,cuda,float32,8,2000,768,0.002764745964668691,0.0026819331105798483,0.0036855279467999935,0.3836249113082886,1280.50390625,557.69140625,309.27783203125,ok
fixed_mm_chunked256,fixed,cuda,float64,8,2000,768,0.0028071640990674496,0.002712228102609515,0.023674177937209606,0.38362505229258503,1280.50390625,557.69140625,538.18310546875,ok
fixed_mm_chunked256,fixed,cuda,float32,16,2000,768,0.002789387945085764,0.0026983078569173813,0.0036968740168958902,0.19465863704681396,1280.50390625,557.69140625,309.30126953125,ok
fixed_mm_chunked256,fixed,cuda,float64,16,2000,768,0.0028037145966663957,0.0027326091658324003,0.023766756057739258,0.19465889393489832,1280.50390625,557.69140625,538.22998046875,ok
fixed_mm_chunked256,fixed,cuda,float32,32,2000,768,0.0028095474699512124,0.0027839140966534615,0.003652638988569379,0.09871876239776611,1280.50390625,557.69140625,309.34814453125,ok
fixed_mm_chunked256,fixed,cuda,float64,32,2000,768,0.0028108000988140702,0.002736463909968734,0.024171148194000125,0.09871865663459167,1287.65625,564.84375,538.32373046875,ok
fixed_mm_chunked256,fixed,cuda,float32,100,2000,768,0.0027955874102190137,0.002702463883906603,0.0038971530739217997,0.03369593620300293,1287.65625,564.84375,309.54736328125,ok
fixed_mm_chunked256,fixed,cuda,float64,100,2000,768,0.004831573576666415,0.004824992967769504,0.02650894899852574,0.033695299403994294,1287.65625,564.84375,538.72216796875,ok
fixed_mm_adaptive,fixed_adaptive,cuda,float32,1,100,1,0.0011033224873244762,0.001090843928977847,0.02272977097891271,2.038268804550171,1166.45703125,442.51953125,17.2548828125,ok
fixed_mm_adaptive,fixed_adaptive,cuda,float64,1,100,1,0.001142381108365953,0.0011250649113208055,0.012119713937863708,2.038268676667945,1220.66015625,496.72265625,18.25146484375,ok
fixed_mm_adaptive,fixed_adaptive,cuda,float32,4,100,1,0.001115997089073062,0.001101731089875102,0.0013252331409603357,0.3597524166107178,1221.1875,497.25,17.263671875,ok
fixed_mm_adaptive,fixed_adaptive,cuda,float64,4,100,1,0.001160418032668531,0.001141970045864582,0.0013314331881701946,0.3597527604624142,1221.1875,497.25,18.2685546875,ok
fixed_mm_adaptive,fixed_adaptive,cuda,float32,8,100,1,0.0011124960146844387,0.001095290994271636,0.001191925024613738,0.04574894905090332,1221.1875,497.25,17.275390625,ok
fixed_mm_adaptive,fixed_adaptive,cuda,float64,8,100,1,0.0011646240018308163,0.0011521149426698685,0.001220867969095707,0.04574901126663011,1221.1875,497.25,18.291015625,ok
fixed_mm_adaptive,fixed_adaptive,cuda,float32,16,100,1,0.0011158460984006524,0.0011038039810955524,0.00121028209105134,0.28177714347839355,1221.1875,497.25,17.30078125,ok
fixed_mm_adaptive,fixed_adaptive,cuda,float64,16,100,1,0.001164718996733427,0.0011486909352242947,0.0012175529263913631,0.2817774335668375,1221.1875,497.25,18.34326171875,ok
fixed_mm_adaptive,fixed_adaptive,cuda,float32,32,100,1,0.0011112039210274816,0.0011041639372706413,0.0042597330175340176,0.1446390151977539,1226.1875,502.25,17.36328125,ok
fixed_mm_adaptive,fixed_adaptive,cuda,float64,32,100,1,0.0011612445814535022,0.0011508339084684849,0.001220668200403452,0.14463870083326968,1226.1875,502.25,18.4697265625,ok
fixed_mm_adaptive,fixed_adaptive,cuda,float32,1,100,2,0.0010921313660219312,0.0010808899533003569,0.001153015997260809,1.8059446811676025,1226.1875,502.25,17.25537109375,ok
fixed_mm_adaptive,fixed_adaptive,cuda,float64,1,100,2,0.0011417499044910073,0.0011295718140900135,0.0012366920709609985,1.8059450775426287,1226.1875,502.25,18.25244140625,ok
fixed_mm_adaptive,fixed_adaptive,cuda,float32,4,100,2,0.0011126359459012747,0.0011012000031769276,0.003893716959282756,0.6585195064544678,1232.234375,508.296875,17.26416015625,ok
fixed_mm_adaptive,fixed_adaptive,cuda,float64,4,100,2,0.001167253009043634,0.0011536679230630398,0.0013232000637799501,0.6585199725358368,1232.234375,508.296875,18.26953125,ok
fixed_mm_adaptive,fixed_adaptive,cuda,float32,8,100,2,0.001117207924835384,0.0011097630485892296,0.0013026189990341663,0.4078519344329834,1232.234375,508.296875,17.27587890625,ok
fixed_mm_adaptive,fixed_adaptive,cuda,float64,8,100,2,0.0011700419709086418,0.0011554709635674953,0.0012255541514605284,0.4078518817212329,1232.234375,508.296875,18.2919921875,ok
fixed_mm_adaptive,fixed_adaptive,cuda,float32,16,100,2,0.0011186159681528807,0.0011049050372093916,0.0011727260425686836,0.21417617797851562,1232.234375,508.296875,17.30126953125,ok
fixed_mm_adaptive,fixed_adaptive,cuda,float64,16,100,2,0.0011683345073834062,0.0011534870136529207,0.0012461449950933456,0.214176434876304,1232.234375,508.296875,18.34423828125,ok
fixed_mm_adaptive,fixed_adaptive,cuda,float32,32,100,2,0.0011313490103930235,0.0011198869906365871,0.0014002448879182339,0.12523221969604492,1232.234375,508.296875,17.36376953125,ok
fixed_mm_adaptive,fixed_adaptive,cuda,float64,32,100,2,0.0011681290343403816,0.0011594160459935665,0.001238133991137147,0.12523192025041352,1232.234375,508.296875,18.470703125,ok
fixed_mm_adaptive,fixed_adaptive,cuda,float32,100,100,1,0.0011075634974986315,0.0010894120205193758,0.0011744389776140451,0.025310039520263672,1232.234375,508.296875,17.78662109375,ok
fixed_mm_adaptive,fixed_adaptive,cuda,float64,100,100,1,0.0011533868964761496,0.0011441439855843782,0.003827047999948263,0.02531018874143598,1236.234375,512.296875,19.3154296875,ok
fixed_mm_adaptive,fixed_adaptive,cuda,float32,1,250,1,0.0010983749525621533,0.001087769167497754,0.0018049480859190226,6.141488075256348,1237.234375,513.296875,22.64013671875,ok
fixed_mm_adaptive,fixed_adaptive,cuda,float64,1,250,1,0.0011436579516157508,0.0011322549544274807,0.0011942789424210787,6.141488185221549,1237.234375,513.296875,28.673828125,ok
fixed_mm_adaptive,fixed_adaptive,cuda,float32,4,250,1,0.0011109639890491962,0.0010997969657182693,0.001184533117339015,0.5345065593719482,1237.234375,513.296875,22.66064453125,ok
fixed_mm_adaptive,fixed_adaptive,cuda,float64,4,250,1,0.001159005449153483,0.0011482189875096083,0.0012279180809855461,0.5345072006113063,1237.234375,513.296875,28.71484375,ok
fixed_mm_adaptive,fixed_adaptive,cuda,float32,8,250,1,0.001114199054427445,0.0010974740143865347,0.0011655960697680712,0.171403169631958,1237.734375,513.796875,22.6884765625,ok
fixed_mm_adaptive,fixed_adaptive,cuda,float64,8,250,1,0.001167168142274022,0.0011506529990583658,0.0012231008149683475,0.1714035012697397,1237.734375,513.796875,28.77001953125,ok
fixed_mm_adaptive,fixed_adaptive,cuda,float32,16,250,1,0.0011191610246896744,0.0010995268821716309,0.0011747388634830713,0.16212034225463867,1237.734375,513.796875,22.74658203125,ok
fixed_mm_adaptive,fixed_adaptive,cuda,float64,16,250,1,0.0011697165900841355,0.0011551501229405403,0.001222018850967288,0.16212069894855174,1237.734375,513.796875,28.88671875,ok
fixed_mm_adaptive,fixed_adaptive,cuda,float32,32,250,1,0.0011142540024593472,0.0011002789251506329,0.0011701721232384443,0.04327845573425293,1237.734375,513.796875,22.87353515625,ok
fixed_mm_adaptive,fixed_adaptive,cuda,float64,32,250,1,0.0011655049165710807,0.001153367105871439,0.0013870359398424625,0.04327930275712166,1237.734375,513.796875,29.140625,ok
fixed_mm_adaptive,fixed_adaptive,cuda,float32,100,100,2,0.0011287961388006806,0.0011223808396607637,0.0011786140967160463,0.05024552345275879,1237.734375,513.796875,17.78759765625,ok
fixed_mm_adaptive,fixed_adaptive,cuda,float64,100,100,2,0.0011742280330508947,0.0011655359994620085,0.001245174091309309,0.05024599102121652,1237.734375,513.796875,19.3173828125,ok
fixed_mm_adaptive,fixed_adaptive,cuda,float32,1,100,10,0.0010963770328089595,0.0010846748482435942,0.001161048887297511,2.8398001194000244,1237.734375,513.796875,17.25830078125,ok
fixed_mm_adaptive,fixed_adaptive,cuda,float64,1,100,10,0.0011435331543907523,0.0011306428350508213,0.0012654941529035568,2.8398000941856476,1237.734375,513.796875,18.25830078125,ok
fixed_mm_adaptive,fixed_adaptive,cuda,float32,4,100,10,0.001116251922212541,0.0011052759364247322,0.0012034419924020767,0.7855908870697021,1237.734375,513.796875,17.26708984375,ok
fixed_mm_adaptive,fixed_adaptive,cuda,float64,4,100,10,0.0011660661548376083,0.0011490609031170607,0.0012432208750396967,0.7855911685471968,1237.734375,513.796875,18.275390625,ok
fixed_mm_adaptive,fixed_adaptive,cuda,float32,8,100,10,0.0011144289746880531,0.0011019809171557426,0.0011833920143544674,0.47998952865600586,1237.734375,513.796875,17.27880859375,ok
fixed_mm_adaptive,fixed_adaptive,cuda,float64,8,100,10,0.0011689499951899052,0.0011502131819725037,0.0012201860081404448,0.4799897360259151,1237.734375,513.796875,18.29833984375,ok
fixed_mm_adaptive,fixed_adaptive,cuda,float32,100,250,1,0.001118290121667087,0.0011060768738389015,0.0011961008422076702,0.012681245803833008,1237.734375,513.796875,23.568359375,ok
fixed_mm_adaptive,fixed_adaptive,cuda,float64,100,250,1,0.0011626561172306538,0.0011487300507724285,0.0018561540637165308,0.012681512709321385,1237.734375,513.796875,30.53076171875,ok
fixed_mm_adaptive,fixed_adaptive,cuda,float32,1,250,2,0.001099511981010437,0.0010859370231628418,0.0011979739647358656,3.3141191005706787,1237.734375,513.796875,22.64111328125,ok
fixed_mm_adaptive,fixed_adaptive,cuda,float64,1,250,2,0.0011453850893303752,0.001126627903431654,0.001201228005811572,3.3141192658889578,1237.734375,513.796875,28.67578125,ok
fixed_mm_adaptive,fixed_adaptive,cuda,float32,4,250,2,0.0011188104981556535,0.0011044640559703112,0.0011825209949165583,1.0802183151245117,1237.734375,513.796875,22.66162109375,ok
fixed_mm_adaptive,fixed_adaptive,cuda,float64,4,250,2,0.00116937595885247,0.0011528660543262959,0.0012277280911803246,1.0802183088425803,1237.734375,513.796875,28.716796875,ok
fixed_mm_adaptive,fixed_adaptive,cuda,float32,8,250,2,0.0011172789381816983,0.0011025320272892714,0.0011673378758132458,0.4601109027862549,1237.734375,513.796875,22.689453125,ok
fixed_mm_adaptive,fixed_adaptive,cuda,float64,8,250,2,0.0011700419709086418,0.0011589860077947378,0.0012219189666211605,0.46011128694941306,1237.734375,513.796875,28.77197265625,ok
fixed_mm_adaptive,fixed_adaptive,cuda,float32,16,100,10,0.0011159414425492287,0.0011067879386246204,0.001183351967483759,0.23631930351257324,1237.734375,513.796875,17.3046875,ok
fixed_mm_adaptive,fixed_adaptive,cuda,float64,16,100,10,0.0011708729434758425,0.001160958083346486,0.0012304519768804312,0.2363192734365991,1237.734375,513.796875,18.35107421875,ok
fixed_mm_adaptive,fixed_adaptive,cuda,float32,16,250,2,0.0011213700054213405,0.001113526988774538,0.0011665970087051392,0.3172578811645508,1237.734375,513.796875,22.74755859375,ok
fixed_mm_adaptive,fixed_adaptive,cuda,float64,16,250,2,0.001173852477222681,0.0011563119478523731,0.0012279180809855461,0.3172579326060294,1237.734375,513.796875,28.888671875,ok
fixed_mm_adaptive,fixed_adaptive,cuda,float32,32,250,2,0.0011332669528201222,0.0011176841799169779,0.0011897808872163296,0.13308310508728027,1237.734375,513.796875,22.87451171875,ok
fixed_mm_adaptive,fixed_adaptive,cuda,float64,32,250,2,0.0011742280330508947,0.0011596768163144588,0.0012223499361425638,0.13308372007782632,1237.734375,513.796875,29.142578125,ok
fixed_mm_adaptive,fixed_adaptive,cuda,float32,32,100,10,0.0011337425094097853,0.001123532885685563,0.0011874681804329157,0.11536955833435059,1237.734375,513.796875,17.36767578125,ok
fixed_mm_adaptive,fixed_adaptive,cuda,float64,32,100,10,0.0011730064870789647,0.0011615199036896229,0.0012251739390194416,0.11536974928871313,1237.734375,513.796875,18.478515625,ok
fixed_mm_adaptive,fixed_adaptive,cuda,float32,100,250,2,0.001137448474764824,0.001118966145440936,0.0012391649652272463,0.02913498878479004,1237.734375,513.796875,23.56982421875,ok
fixed_mm_adaptive,fixed_adaptive,cuda,float64,100,250,2,0.0012159299803897738,0.0012041630689054728,0.0012587439268827438,0.029134692620645275,1237.734375,513.796875,30.53369140625,ok
fixed_mm_adaptive,fixed_adaptive,cuda,float32,100,100,10,0.0011331374989822507,0.0011184250470250845,0.0011997958645224571,0.0432581901550293,1237.734375,513.796875,17.79345703125,ok
fixed_mm_adaptive,fixed_adaptive,cuda,float64,100,100,10,0.0011748640099540353,0.0011617699638009071,0.0012255050241947174,0.04325769811964442,1237.734375,513.796875,19.3291015625,ok
fixed_mm_adaptive,fixed_adaptive,cuda,float32,1,250,10,0.0010981805389747024,0.0010867079254239798,0.0011581038124859333,4.034661769866943,1237.734375,513.796875,22.64892578125,ok
fixed_mm_adaptive,fixed_adaptive,cuda,float64,1,250,10,0.0011445090640336275,0.0011354309972375631,0.0012261760421097279,4.034661825657162,1237.734375,513.796875,28.69140625,ok
fixed_mm_adaptive,fixed_adaptive,cuda,float32,4,250,10,0.0011178350541740656,0.0011072279885411263,0.0011873480398207903,0.7568225860595703,1237.734375,513.796875,22.66943359375,ok
fixed_mm_adaptive,fixed_adaptive,cuda,float64,4,250,10,0.0011687650112435222,0.0011553899385035038,0.0037809088826179504,0.7568228747938908,1242.75,518.8125,28.732421875,ok
fixed_mm_adaptive,fixed_adaptive,cuda,float32,8,250,10,0.0011168530909344554,0.0011032931506633759,0.001184714026749134,0.5147132873535156,1242.75,518.8125,22.697265625,ok
fixed_mm_adaptive,fixed_adaptive,cuda,float64,8,250,10,0.0011721794726327062,0.0011557410471141338,0.0012904619798064232,0.5147133449560153,1242.75,518.8125,28.7880859375,ok
fixed_mm_adaptive,fixed_adaptive,cuda,float32,16,250,10,0.0011197769781574607,0.001106207026168704,0.0011779230553656816,0.2599825859069824,1242.75,518.8125,22.755859375,ok
fixed_mm_adaptive,fixed_adaptive,cuda,float64,16,250,10,0.0011720245238393545,0.0011588858906179667,0.0012356590013951063,0.2599825868082384,1242.75,518.8125,28.9052734375,ok
fixed_mm_adaptive,fixed_adaptive,cuda,float32,32,250,10,0.0011353454319760203,0.0011150899808853865,0.0011809880379587412,0.15129590034484863,1242.75,518.8125,22.88330078125,ok
fixed_mm_adaptive,fixed_adaptive,cuda,float64,32,250,10,0.0011740480549633503,0.0011608290951699018,0.001236120006069541,0.15129635651937035,1242.75,518.8125,29.16015625,ok
fixed_mm_adaptive,fixed_adaptive,cuda,float32,100,250,10,0.0011332030408084393,0.001118935877457261,0.0015129221137613058,0.0483243465423584,1242.75,518.8125,23.58056640625,ok
fixed_mm_adaptive,fixed_adaptive,cuda,float64,100,250,10,0.0012140270555391908,0.0012000261340290308,0.0012668559793382883,0.04832443472858605,1242.75,518.8125,30.55517578125,ok
fixed_mm_adaptive,fixed_adaptive,cuda,float32,1,2000,1,0.007609244086779654,0.0075832398142665625,0.007645063102245331,1.0329585075378418,1242.75,518.8125,413.79736328125,ok
fixed_mm_adaptive,fixed_adaptive,cuda,float64,1,2000,1,0.016101973014883697,0.016018869820982218,0.01679714792408049,1.0329585271448556,1245.25,521.3125,809.85400390625,ok
fixed_mm_adaptive,fixed_adaptive,cuda,float32,4,2000,1,0.007613479974679649,0.007577452110126615,0.00752632599323988,0.748159646987915,1245.25,521.3125,413.95751953125,ok
fixed_mm_adaptive,fixed_adaptive,cuda,float64,4,2000,1,0.016236894531175494,0.016156184021383524,0.016859201015904546,0.7481597020726127,1245.25,521.3125,810.173828125,ok
fixed_mm_adaptive,fixed_adaptive,cuda,float32,8,2000,1,0.00762350088916719,0.007590922061353922,0.0075020501390099525,0.38364100456237793,1245.25,521.3125,414.17138671875,ok
fixed_mm_adaptive,fixed_adaptive,cuda,float64,8,2000,1,0.0162157736485824,0.016120571177452803,0.0169394810218364,0.38364109965864923,1245.25,521.3125,810.6025390625,ok
fixed_mm_adaptive,fixed_adaptive,cuda,float32,16,2000,1,0.007647937047295272,0.007615839131176472,0.007523712003603578,0.09628462791442871,1245.25,521.3125,414.60302734375,ok
fixed_mm_adaptive,fixed_adaptive,cuda,float64,16,2000,1,0.016273764544166625,0.016188522102311254,0.017001743894070387,0.09628481521749777,1245.25,521.3125,811.55517578125,ok
fixed_mm_adaptive,fixed_adaptive,cuda,float32,32,2000,1,0.007671782514080405,0.007650180021300912,0.007553075905889273,0.026236772537231445,1245.25,521.3125,415.56591796875,ok
fixed_mm_adaptive,fixed_adaptive,cuda,float64,32,2000,1,0.016339927911758423,0.016271355096250772,0.017129112035036087,0.026237496945334726,1245.25,521.3125,813.21728515625,ok
fixed_mm_adaptive,fixed_adaptive,cuda,float32,100,2000,1,0.007828711066395044,0.0078014349564909935,0.007686123019084334,0.023114442825317383,1245.25,521.3125,419.35107421875,ok
fixed_mm_adaptive,fixed_adaptive,cuda,float64,100,2000,1,0.016612558509223163,0.016520706936717033,0.01732789888046682,0.02311432033271421,1245.25,521.3125,821.66015625,ok
fixed_mm_adaptive,fixed_adaptive,cuda,float32,1,100,768,0.0010976846097037196,0.0010807390790432692,0.0013489990960806608,3.11079740524292,1246.25,522.3125,47.7197265625,ok
fixed_mm_adaptive,fixed_adaptive,cuda,float64,1,100,768,0.001141914981417358,0.001125686103478074,0.0019499629270285368,3.110797342390928,1246.25,522.3125,18.841796875,ok
fixed_mm_adaptive,fixed_adaptive,cuda,float32,1,2000,2,0.007619519485160708,0.007595439208671451,0.007523601874709129,1.6620290279388428,1246.25,522.3125,413.80517578125,ok
fixed_mm_adaptive,fixed_adaptive,cuda,float64,1,2000,2,0.016129860072396696,0.016061994014307857,0.01682473998516798,1.662028851496562,1246.25,522.3125,809.869140625,ok
fixed_mm_adaptive,fixed_adaptive,cuda,float32,4,2000,2,0.007646985002793372,0.007620655931532383,0.007529099937528372,0.22963452339172363,1246.25,522.3125,413.96533203125,ok
fixed_mm_adaptive,fixed_adaptive,cuda,float64,4,2000,2,0.016791645088233054,0.016697220038622618,0.01744651491753757,0.22963517523411303,1246.25,522.3125,810.18896484375,ok
fixed_mm_adaptive,fixed_adaptive,cuda,float32,8,2000,2,0.0076572810066863894,0.007637872127816081,0.007577171083539724,0.39742040634155273,1246.25,522.3125,414.17919921875,ok
fixed_mm_adaptive,fixed_adaptive,cuda,float64,8,2000,2,0.01673003355972469,0.01669431501068175,0.017465153010562062,0.3974203085602124,1246.25,522.3125,810.61767578125,ok
fixed_mm_adaptive,fixed_adaptive,cuda,float32,16,2000,2,0.0076759979128837585,0.007652913918718696,0.007541978033259511,0.27071404457092285,1246.25,522.3125,414.61083984375,ok
fixed_mm_adaptive,fixed_adaptive,cuda,float64,16,2000,2,0.01682947704102844,0.016775366151705384,0.01754590403288603,0.2707143225746309,1246.25,522.3125,811.5703125,ok
fixed_mm_adaptive,fixed_adaptive,cuda,float32,32,2000,2,0.007702117552980781,0.007655417080968618,0.007591331843286753,0.12161946296691895,1246.25,522.3125,415.57373046875,ok
fixed_mm_adaptive,fixed_adaptive,cuda,float64,32,2000,2,0.016412294935435057,0.016282042022794485,0.017156834015622735,0.12161979176477589,1246.25,522.3125,813.232421875,ok
fixed_mm_adaptive,fixed_adaptive,cuda,float32,4,100,768,0.0011164374882355332,0.0011016600765287876,0.002549586119130254,0.801243782043457,1246.25,522.3125,47.734375,ok
fixed_mm_adaptive,fixed_adaptive,cuda,float64,4,100,768,0.0011623105965554714,0.001144584035500884,0.002150591928511858,0.8012436713188209,1246.75,522.8125,18.87646484375,ok
fixed_mm_adaptive,fixed_adaptive,cuda,float32,100,2000,2,0.007848044508136809,0.007811949821189046,0.007677950896322727,0.021851778030395508,1246.75,522.8125,419.359375,ok
fixed_mm_adaptive,fixed_adaptive,cuda,float64,100,2000,2,0.016704045003280044,0.016636650077998638,0.017643838888034225,0.021851979216296336,1247.29296875,523.35546875,821.67626953125,ok
fixed_mm_adaptive,fixed_adaptive,cuda,float32,8,100,768,0.0011197419371455908,0.0011032831389456987,0.0026972650084644556,0.43174493312835693,1247.79296875,523.85546875,47.73583984375,ok
fixed_mm_adaptive,fixed_adaptive,cuda,float64,8,100,768,0.001158174010924995,0.0011404468677937984,0.003387743839994073,0.43174455546238644,1248.29296875,524.35546875,18.92236328125,ok
fixed_mm_adaptive,fixed_adaptive,cuda,float32,16,100,768,0.0011105680605396628,0.0011021310929208994,0.0027357828803360462,0.228690505027771,1248.29296875,524.35546875,17.88037109375,ok
fixed_mm_adaptive,fixed_adaptive,cuda,float64,16,100,768,0.0011636519338935614,0.0011503018904477358,0.0029400570783764124,0.22869073252515504,1248.29296875,524.35546875,19.021484375,ok
fixed_mm_adaptive,fixed_adaptive,cuda,float32,32,100,768,0.0011295719305053353,0.001117614097893238,0.002228477969765663,0.1258009672164917,1248.29296875,524.35546875,17.92724609375,ok
fixed_mm_adaptive,fixed_adaptive,cuda,float64,32,100,768,0.0011756455060094595,0.0011609781067818403,0.002722102915868163,0.12580116316040968,1248.29296875,524.35546875,19.24169921875,ok
fixed_mm_adaptive,fixed_adaptive,cuda,float32,100,100,768,0.0011257814476266503,0.0011109840124845505,0.002734280889853835,0.06124460697174072,1248.29296875,524.35546875,18.37158203125,ok
fixed_mm_adaptive,fixed_adaptive,cuda,float64,100,100,768,0.001326564815826714,0.0013146072160452604,0.0022468450479209423,0.06124428184104547,1248.79296875,524.85546875,20.4853515625,ok
fixed_mm_adaptive,fixed_adaptive,cuda,float32,1,2000,10,0.00761773157864809,0.007593224989250302,0.007530872011557221,2.760507106781006,1248.79296875,524.85546875,413.8662109375,ok
fixed_mm_adaptive,fixed_adaptive,cuda,float64,1,2000,10,0.016128402901813388,0.01605339115485549,0.016975163016468287,2.760507211688836,1248.79296875,524.85546875,809.9912109375,ok
fixed_mm_adaptive,fixed_adaptive,cuda,float32,4,2000,10,0.007646935526281595,0.007605793885886669,0.007549078902229667,0.6045942306518555,1248.79296875,524.85546875,414.0263671875,ok
fixed_mm_adaptive,fixed_adaptive,cuda,float64,4,2000,10,0.016778295044787228,0.016680134925991297,0.017634444870054722,0.604594731347861,1248.79296875,524.85546875,810.31103515625,ok
fixed_mm_adaptive,fixed_adaptive,cuda,float32,8,2000,10,0.0076447814935818315,0.0076105010230094194,0.007556250086054206,0.3134315013885498,1248.79296875,524.85546875,414.240234375,ok
fixed_mm_adaptive,fixed_adaptive,cuda,float64,8,2000,10,0.01675374899059534,0.01668726489879191,0.017597479978576303,0.31343170452570845,1248.79296875,524.85546875,810.740234375,ok
fixed_mm_adaptive,fixed_adaptive,cuda,float32,16,2000,10,0.007675017113797367,0.007652624044567347,0.007533024996519089,0.16366291046142578,1248.79296875,524.85546875,414.67236328125,ok
fixed_mm_adaptive,fixed_adaptive,cuda,float64,16,2000,10,0.016823992948047817,0.01676564197987318,0.017695615999400616,0.16366301631877045,1248.79296875,524.85546875,811.693359375,ok
fixed_mm_adaptive,fixed_adaptive,cuda,float32,32,2000,10,0.007704220479354262,0.007674225838854909,0.007562489015981555,0.07876467704772949,1248.79296875,524.85546875,415.6357421875,ok
fixed_mm_adaptive,fixed_adaptive,cuda,float64,32,2000,10,0.016370208468288183,0.016302312025800347,0.017241931054741144,0.07876436111003704,1248.79296875,524.85546875,813.3564453125,ok
fixed_mm_adaptive,fixed_adaptive,cuda,float32,100,2000,10,0.007849667454138398,0.007804440101608634,0.007716078078374267,0.029427051544189453,1248.79296875,524.85546875,419.42333984375,ok
fixed_mm_adaptive,fixed_adaptive,cuda,float64,100,2000,10,0.016749453032389283,0.0166483570355922,0.017657649936154485,0.029426813858472123,1248.79296875,524.85546875,821.80419921875,ok
fixed_mm_adaptive,fixed_adaptive,cuda,float32,1,250,768,0.001101575093343854,0.0010871789418160915,0.001995151164010167,3.1358442306518555,1251.79296875,527.85546875,49.38427734375,ok
fixed_mm_adaptive,fixed_adaptive,cuda,float64,1,250,768,0.001147207454778254,0.001132747158408165,0.001459853956475854,3.1358445764700296,1251.79296875,527.85546875,30.14208984375,ok
fixed_mm_adaptive,fixed_adaptive,cuda,float32,4,250,768,0.001115820836275816,0.0011033120099455118,0.0033753460738807917,0.7959394454956055,1251.79296875,527.85546875,23.4033203125,ok
fixed_mm_adaptive,fixed_adaptive,cuda,float64,4,250,768,0.0011810879223048687,0.0011650740634649992,0.0026764648500829935,0.7959395214891856,1252.8125,528.875,30.20068359375,ok
fixed_mm_adaptive,fixed_adaptive,cuda,float32,8,250,768,0.001117262989282608,0.0011008891742676497,0.0025919589679688215,0.4009432792663574,1254.3125,530.375,23.44287109375,ok
fixed_mm_adaptive,fixed_adaptive,cuda,float64,8,250,768,0.0011717345332726836,0.0011619201395660639,0.0015950349625200033,0.400943429403531,1254.3125,530.375,30.279296875,ok
fixed_mm_adaptive,fixed_adaptive,cuda,float32,16,250,768,0.0011229264782741666,0.001110393088310957,0.0014102889690548182,0.20412135124206543,1254.3125,530.375,23.5244140625,ok
fixed_mm_adaptive,fixed_adaptive,cuda,float64,16,250,768,0.0011744635412469506,0.0011606181506067514,0.002954648807644844,0.20412132593618604,1254.3125,530.375,30.44287109375,ok
fixed_mm_adaptive,fixed_adaptive,cuda,float32,32,250,768,0.0011389004066586494,0.001126707997173071,0.0017402409575879574,0.10645735263824463,1254.3125,530.375,23.6982421875,ok
fixed_mm_adaptive,fixed_adaptive,cuda,float64,32,250,768,0.0011777834733948112,0.0011638130526989698,0.002115019131451845,0.10645772228329098,1254.3125,530.375,30.79052734375,ok
fixed_mm_adaptive,fixed_adaptive,cuda,float32,100,250,768,0.00112976657692343,0.0011116350069642067,0.0014843700919300318,0.043614864349365234,1254.3125,530.375,24.59228515625,ok
fixed_mm_adaptive,fixed_adaptive,cuda,float64,100,250,768,0.0013746614567935467,0.0013706900645047426,0.0018355019856244326,0.043614855263679475,1254.3125,530.375,32.57861328125,ok
fixed_mm_adaptive,fixed_adaptive,cuda,float32,1,2000,768,0.0076234700391069055,0.007597261108458042,0.007888404885306954,3.0488879680633545,1277.46875,553.53125,419.6513671875,ok
fixed_mm_adaptive,fixed_adaptive,cuda,float64,1,2000,768,0.016159243881702423,0.016099680913612247,0.0325315750669688,3.0488881449121834,1277.46875,553.53125,821.5625,ok
fixed_mm_adaptive,fixed_adaptive,cuda,float32,4,2000,768,0.0076457429677248,0.007622708799317479,0.008184815989807248,0.7538977861404419,1300.90234375,576.96484375,419.8203125,ok
fixed_mm_adaptive,fixed_adaptive,cuda,float64,4,2000,768,0.016274615423753858,0.016209674067795277,0.03301408304832876,0.7538980925347205,1300.90234375,576.96484375,821.89990234375,ok
fixed_mm_adaptive,fixed_adaptive,cuda,float32,8,2000,768,0.007656539091840386,0.007644121069461107,0.007941883988678455,0.38363420963287354,1300.90234375,576.96484375,420.0458984375,ok
fixed_mm_adaptive,fixed_adaptive,cuda,float64,8,2000,768,0.01640575099736452,0.016323162941262126,0.03312428714707494,0.3836343445113799,1300.90234375,576.96484375,822.35205078125,ok
fixed_mm_adaptive,fixed_adaptive,cuda,float32,16,2000,768,0.007680124021135271,0.007647825870662928,0.007945670047774911,0.19466447830200195,1300.90234375,576.96484375,420.5009765625,ok
fixed_mm_adaptive,fixed_adaptive,cuda,float64,16,2000,768,0.016530226566828787,0.01645618095062673,0.033134542871266603,0.19466478024043,1300.90234375,576.96484375,823.3515625,ok
fixed_mm_adaptive,fixed_adaptive,cuda,float32,32,2000,768,0.007734806044027209,0.007710819831117988,0.008013180922716856,0.0987248420715332,1300.90234375,576.96484375,421.4228515625,ok
fixed_mm_adaptive,fixed_adaptive,cuda,float64,32,2000,768,0.01704303454607725,0.01699020597152412,0.03372777602635324,0.09872481683549417,1300.90234375,576.96484375,825.107421875,ok
fixed_mm_adaptive,fixed_adaptive,cuda,float32,100,2000,768,0.00790397310629487,0.00786610203795135,0.008254719898104668,0.033693552017211914,1300.90234375,576.96484375,425.76904296875,ok
fixed_mm_adaptive,fixed_adaptive,cuda,float64,100,2000,768,0.018281368422321975,0.018211674876511097,0.034866311121732,0.03369371724140713,1300.90234375,576.96484375,834.689453125,ok
reference_adaptive,reference_adaptive,cuda,float32,1,100,1,0.0007160606328397989,0.0007039080373942852,0.06541704689152539,2.038268804550171,1251.71875,528.40625,17.3056640625,ok
reference_adaptive,reference_adaptive,cuda,float64,1,100,1,0.0007278234697878361,0.0007138329092413187,0.007079039933159947,2.038268676667945,1290.4140625,567.1015625,18.3564453125,ok
reference_adaptive,reference_adaptive,cuda,float32,4,100,1,0.0007147840224206448,0.0007040980271995068,0.0008172460366040468,0.3597526550292969,1290.4140625,567.1015625,17.369140625,ok
reference_adaptive,reference_adaptive,cuda,float64,4,100,1,0.0007293703965842724,0.0007179379463195801,0.0008448178414255381,0.3597527604624142,1290.4140625,567.1015625,18.482421875,ok
reference_adaptive,reference_adaptive,cuda,float32,8,100,1,0.0007130864541977644,0.0007023361977189779,0.0008144930470734835,0.04574894905090332,1290.9140625,567.6015625,17.45654296875,ok
reference_adaptive,reference_adaptive,cuda,float64,8,100,1,0.0007291054353117943,0.0007153649348765612,0.0007796899881213903,0.04574901126663011,1290.9140625,567.6015625,18.65966796875,ok
reference_adaptive,reference_adaptive,cuda,float32,16,100,1,0.000712320557795465,0.0007048300467431545,0.0007701059803366661,0.28177714347839355,1290.9140625,567.6015625,17.64111328125,ok
reference_adaptive,reference_adaptive,cuda,float64,16,100,1,0.0007298869313672185,0.0007161570247262716,0.0007784189656376839,0.28177743356683704,1290.9140625,567.6015625,19.02880859375,ok
reference_adaptive,reference_adaptive,cuda,float32,32,100,1,0.0007227510213851929,0.0007135921623557806,0.0009563940111547709,0.1446390151977539,1290.9140625,567.6015625,18.05029296875,ok
reference_adaptive,reference_adaptive,cuda,float64,32,100,1,0.000735430046916008,0.0007270630449056625,0.0008675518911331892,0.1446387008332688,1290.9140625,567.6015625,19.8466796875,ok
reference_adaptive,reference_adaptive,cuda,float32,1,100,2,0.0007192259654402733,0.0007070219144225121,0.0008583380840718746,1.8059446811676025,1290.9140625,567.6015625,17.306640625,ok
reference_adaptive,reference_adaptive,cuda,float64,1,100,2,0.0007383138872683048,0.0007272630464285612,0.0009072001557797194,1.8059450775426287,1290.9140625,567.6015625,18.3583984375,ok
reference_adaptive,reference_adaptive,cuda,float32,4,100,2,0.0007188405143097043,0.0007086549885571003,0.0007664710283279419,0.658519983291626,1290.9140625,567.6015625,17.3701171875,ok
reference_adaptive,reference_adaptive,cuda,float64,4,100,2,0.0007418240420520306,0.0007326111663132906,0.0007838970050215721,0.6585199725358368,1290.9140625,567.6015625,18.484375,ok
reference_adaptive,reference_adaptive,cuda,float32,8,100,2,0.0007221598643809557,0.0007104871328920126,0.0007819139864295721,0.4078519344329834,1290.9140625,567.6015625,17.45751953125,ok
reference_adaptive,reference_adaptive,cuda,float64,8,100,2,0.0007422299822792411,0.0007316288538277149,0.0007799819577485323,0.4078518817212329,1290.9140625,567.6015625,18.66162109375,ok
reference_adaptive,reference_adaptive,cuda,float32,16,100,2,0.0007201575208455324,0.0007112890016287565,0.00077266083098948,0.21417641639709473,1290.9140625,567.6015625,17.64208984375,ok
reference_adaptive,reference_adaptive,cuda,float64,16,100,2,0.0007520689396187663,0.000739511102437973,0.0007866211235523224,0.21417643487630356,1290.9140625,567.6015625,19.03076171875,ok
reference_adaptive,reference_adaptive,cuda,float32,32,100,2,0.0007200420368462801,0.0007096470799297094,0.0007791598327457905,0.12523221969604492,1290.9140625,567.6015625,18.05126953125,ok
reference_adaptive,reference_adaptive,cuda,float64,32,100,2,0.0007595259230583906,0.0007489051204174757,0.000795974861830473,0.12523192025041396,1290.9140625,567.6015625,19.8486328125,ok
reference_adaptive,reference_adaptive,cuda,float32,100,100,1,0.000717909075319767,0.0007086452096700668,0.0012255748733878136,0.025310039520263672,1290.9140625,567.6015625,20.37548828125,ok
reference_adaptive,reference_adaptive,cuda,float64,100,100,1,0.0007304375758394599,0.0007198220118880272,0.0010994470212608576,0.02531018874143598,1290.9140625,567.6015625,25.19384765625,ok
reference_adaptive,reference_adaptive,cuda,float32,1,250,1,0.000712996581569314,0.0007034779991954565,0.0007556849159300327,6.141488075256348,1290.9140625,567.6015625,22.88916015625,ok
reference_adaptive,reference_adaptive,cuda,float64,1,250,1,0.0007303880993276834,0.000715755159035325,0.0008307760581374168,6.141488185221549,1290.9140625,567.6015625,29.23486328125,ok
reference_adaptive,reference_adaptive,cuda,float32,4,250,1,0.0007138529326766729,0.0007025760132819414,0.0007676929235458374,0.5345067977905273,1290.9140625,567.6015625,22.95947265625,ok
reference_adaptive,reference_adaptive,cuda,float64,4,250,1,0.000732014887034893,0.000715985894203186,0.000852690078318119,0.5345072006113063,1290.9140625,567.6015625,29.548828125,ok
reference_adaptive,reference_adaptive,cuda,float32,8,250,1,0.0007158054504543543,0.0007054400630295277,0.0008353230077773333,0.171403169631958,1290.9140625,567.6015625,23.11376953125,ok
reference_adaptive,reference_adaptive,cuda,float64,8,250,1,0.0007299220887944102,0.000718418974429369,0.0007806220091879368,0.17140350126973924,1290.9140625,567.6015625,29.97119140625,ok
reference_adaptive,reference_adaptive,cuda,float32,16,250,1,0.0007197109516710043,0.000708224019035697,0.0007774678524583578,0.16212034225463867,1290.9140625,567.6015625,23.54296875,ok
reference_adaptive,reference_adaptive,cuda,float64,16,250,1,0.0007297914708033204,0.000719000119715929,0.0007806320209056139,0.16212069894855174,1290.9140625,567.6015625,30.8330078125,ok
reference_adaptive,reference_adaptive,cuda,float32,32,250,1,0.0007190459873527288,0.0007096959743648767,0.0007785989437252283,0.043279170989990234,1290.9140625,567.6015625,25.16357421875,ok
reference_adaptive,reference_adaptive,cuda,float64,32,250,1,0.0007275630487129092,0.0007201822008937597,0.0007849179673939943,0.04327930275712122,1290.9140625,567.6015625,33.35546875,ok
reference_adaptive,reference_adaptive,cuda,float32,100,100,2,0.0007216389058157802,0.0007093760650604963,0.000781213166192174,0.05024576187133789,1290.9140625,567.6015625,20.37744140625,ok
reference_adaptive,reference_adaptive,cuda,float64,100,100,2,0.0007995049236342311,0.0007915180176496506,0.0008403710089623928,0.050245991021216074,1291.4140625,568.1015625,25.197265625,ok
reference_adaptive,reference_adaptive,cuda,float32,1,100,10,0.0007214590441435575,0.000711329048499465,0.0007818038575351238,2.8398001194000244,1291.4140625,568.1015625,17.3125,ok
reference_adaptive,reference_adaptive,cuda,float64,1,100,10,0.0007393460255116224,0.0007305871695280075,0.0007939930073916912,2.8398000941856476,1291.4140625,568.1015625,18.3701171875,ok
reference_adaptive,reference_adaptive,cuda,float32,4,100,10,0.0007224405417218804,0.0007113190367817879,0.0007914979942142963,0.7855911254882812,1291.4140625,568.1015625,17.37646484375,ok
reference_adaptive,reference_adaptive,cuda,float64,4,100,10,0.0007434019353240728,0.000728595070540905,0.0007820951286703348,0.7855911685471972,1291.4140625,568.1015625,18.49658203125,ok
reference_adaptive,reference_adaptive,cuda,float32,8,100,10,0.0007226709276437759,0.0007094461470842361,0.0007710880599915981,0.47998976707458496,1291.4140625,568.1015625,17.4638671875,ok
reference_adaptive,reference_adaptive,cuda,float64,8,100,10,0.000744793564081192,0.0007309878710657358,0.0007820148020982742,0.4799897360259142,1291.4140625,568.1015625,18.67431640625,ok
reference_adaptive,reference_adaptive,cuda,float32,100,250,1,0.0007191508775576949,0.0007062009535729885,0.0007959150243550539,0.012682437896728516,1291.4140625,568.1015625,28.875,ok
reference_adaptive,reference_adaptive,cuda,float64,100,250,1,0.0007555799093097448,0.0007482541259378195,0.0011510939802974463,0.012681512709322718,1291.4140625,568.1015625,41.49462890625,ok
reference_adaptive,reference_adaptive,cuda,float32,1,250,2,0.0007266470929607749,0.0007170781027525663,0.0011487300507724285,3.3141191005706787,1292.421875,569.109375,22.89111328125,ok
reference_adaptive,reference_adaptive,cuda,float64,1,250,2,0.0008385236142203212,0.0008256388828158379,0.000885907793417573,3.314119265888958,1292.421875,569.109375,29.23876953125,ok
reference_adaptive,reference_adaptive,cuda,float32,4,250,2,0.0007268674671649933,0.0007152450270950794,0.0007797910366207361,1.0802183151245117,1292.421875,569.109375,22.96142578125,ok
reference_adaptive,reference_adaptive,cuda,float64,4,250,2,0.0008273570565506816,0.0008176369592547417,0.0008650878444314003,1.0802183088425803,1292.421875,569.109375,29.552734375,ok
reference_adaptive,reference_adaptive,cuda,float32,8,250,2,0.0007271725917235017,0.0007122107781469822,0.0008047381415963173,0.4601109027862549,1292.421875,569.109375,23.11572265625,ok
reference_adaptive,reference_adaptive,cuda,float64,8,250,2,0.0008370159193873405,0.0008266300428658724,0.0008691439870744944,0.46011128694941306,1292.421875,569.109375,29.97509765625,ok
reference_adaptive,reference_adaptive,cuda,float32,16,100,10,0.0007234669756144285,0.0007127609569579363,0.0007847289089113474,0.23631954193115234,1292.421875,569.109375,17.6494140625,ok
reference_adaptive,reference_adaptive,cuda,float64,16,100,10,0.0007555850315839052,0.0007435369770973921,0.0007864311337471008,0.23631927343659953,1292.421875,569.109375,19.044921875,ok
reference_adaptive,reference_adaptive,cuda,float32,16,250,2,0.0007270375499501824,0.0007174978964030743,0.0007895950693637133,0.3172578811645508,1292.421875,569.109375,23.544921875,ok
reference_adaptive,reference_adaptive,cuda,float64,16,250,2,0.0008399405051022768,0.0008302158676087856,0.0008753139991313219,0.31725793260602897,1292.421875,569.109375,30.8369140625,ok
reference_adaptive,reference_adaptive,cuda,float32,32,250,2,0.0007269775960594416,0.0007173880003392696,0.0007823151536285877,0.13308286666870117,1292.421875,569.109375,25.16552734375,ok
reference_adaptive,reference_adaptive,cuda,float64,32,250,2,0.0007430915720760822,0.000731348991394043,0.0015826458111405373,0.1330837200778272,1293.44140625,570.12890625,33.359375,ok
reference_adaptive,reference_adaptive,cuda,float32,32,100,10,0.0007207684684544802,0.0007104780524969101,0.0007824359927326441,0.11536979675292969,1293.44140625,570.12890625,18.05908203125,ok
reference_adaptive,reference_adaptive,cuda,float64,32,100,10,0.0007624650606885552,0.0007510378491133451,0.000803487142547965,0.11536974928871402,1293.44140625,570.12890625,19.8642578125,ok
reference_adaptive,reference_adaptive,cuda,float32,100,250,2,0.0007281994912773371,0.0007144140545278788,0.0007891450077295303,0.02913498878479004,1293.44140625,570.12890625,28.8779296875,ok
reference_adaptive,reference_adaptive,cuda,float64,100,250,2,0.0007889994885772467,0.0007808818481862545,0.0008188087958842516,0.029134692620645275,1293.44140625,570.12890625,41.5,ok
reference_adaptive,reference_adaptive,cuda,float32,100,100,10,0.0007239424157887697,0.0007120710797607899,0.0007799908053129911,0.043257951736450195,1293.44140625,570.12890625,20.38916015625,ok
reference_adaptive,reference_adaptive,cuda,float64,100,100,10,0.0008006970165297389,0.0007906770333647728,0.0008372359443455935,0.04325769811964397,1293.44140625,570.12890625,25.22119140625,ok
reference_adaptive,reference_adaptive,cuda,float32,1,250,10,0.0007276429096236825,0.0007151151075959206,0.0007815440185368061,4.034661769866943,1293.44140625,570.12890625,22.90673828125,ok
reference_adaptive,reference_adaptive,cuda,float64,1,250,10,0.0008383074309676886,0.000828001881018281,0.0008859890513122082,4.034661825657157,1293.44140625,570.12890625,29.27001953125,ok
reference_adaptive,reference_adaptive,cuda,float32,4,250,10,0.0007247136672958732,0.0007131220772862434,0.0007884940132498741,0.7568230628967285,1293.44140625,570.12890625,22.97705078125,ok
reference_adaptive,reference_adaptive,cuda,float64,4,250,10,0.0008253135019913316,0.00081774708814919,0.0008575769606977701,0.7568228747938903,1293.44140625,570.12890625,29.583984375,ok
reference_adaptive,reference_adaptive,cuda,float32,8,250,10,0.0007290155626833439,0.0007179791573435068,0.0007747840136289597,0.5147132873535156,1293.44140625,570.12890625,23.13134765625,ok
reference_adaptive,reference_adaptive,cuda,float64,8,250,10,0.0008376925252377987,0.0008244079072028399,0.0008723489008843899,0.5147133449560153,1293.44140625,570.12890625,30.0068359375,ok
reference_adaptive,reference_adaptive,cuda,float32,16,250,10,0.0007290155626833439,0.0007163260597735643,0.0007858800236135721,0.2599828243255615,1293.44140625,570.12890625,23.56103515625,ok
reference_adaptive,reference_adaptive,cuda,float64,16,250,10,0.0008390896255150437,0.0008272621780633926,0.0008784178644418716,0.2599825868082384,1293.44140625,570.12890625,30.86962890625,ok
reference_adaptive,reference_adaptive,cuda,float32,32,250,10,0.0007272025104612112,0.0007168168667703867,0.0007877529133111238,0.15129613876342773,1293.44140625,570.12890625,25.18310546875,ok
reference_adaptive,reference_adaptive,cuda,float64,32,250,10,0.000743562588468194,0.0007290348876267672,0.0008075728546828032,0.1512963565193699,1293.44140625,570.12890625,33.39453125,ok
reference_adaptive,reference_adaptive,cuda,float32,100,250,10,0.0007300213910639286,0.0007187800947576761,0.0007959248032420874,0.0483245849609375,1293.44140625,570.12890625,28.8994140625,ok
reference_adaptive,reference_adaptive,cuda,float64,100,250,10,0.0007928198901936412,0.0007832960691303015,0.0008310070261359215,0.04832443472858605,1293.44140625,570.12890625,41.54296875,ok
reference_adaptive,reference_adaptive,cuda,float32,1,2000,1,0.009434506413526833,0.00939668994396925,0.009559933096170425,1.0329582691192627,1293.44140625,570.12890625,428.669921875,ok
reference_adaptive,reference_adaptive,cuda,float64,1,2000,1,0.022182410932146013,0.022124971030279994,0.02210204699076712,1.0329585271448551,1295.96875,572.65625,841.083984375,ok
reference_adaptive,reference_adaptive,cuda,float32,4,2000,1,0.009466554038226604,0.009444632101804018,0.009376951027661562,0.7481598854064941,1295.96875,572.65625,429.90673828125,ok
reference_adaptive,reference_adaptive,cuda,float64,4,2000,1,0.022235620534047484,0.022128715878352523,0.02241215785034001,0.7481597020726136,1295.96875,572.65625,847.56396484375,ok
reference_adaptive,reference_adaptive,cuda,float32,8,2000,1,0.009465913055464625,0.009446625132113695,0.009342809906229377,0.38364100456237793,1295.96875,572.65625,431.5595703125,ok
reference_adaptive,reference_adaptive,cuda,float64,8,2000,1,0.02230071264784783,0.02218094398267567,0.022473860066384077,0.383641099658651,1295.96875,572.65625,847.80810546875,ok
reference_adaptive,reference_adaptive,cuda,float32,16,2000,1,0.009537270059809089,0.009492572862654924,0.009436029009521008,0.09628462791442871,1295.96875,572.65625,437.27587890625,ok
reference_adaptive,reference_adaptive,cuda,float64,16,2000,1,0.022446930641308427,0.022335813846439123,0.022412749007344246,0.09628481521749777,1295.96875,572.65625,858.29931640625,ok
reference_adaptive,reference_adaptive,cuda,float32,32,2000,1,0.009746176074258983,0.009727052878588438,0.009624019032344222,0.026237010955810547,1295.96875,572.65625,441.54443359375,ok
reference_adaptive,reference_adaptive,cuda,float64,32,2000,1,0.022872803499922156,0.022732095094397664,0.022763070883229375,0.026237496945334282,1295.96875,572.65625,869.28759765625,ok
reference_adaptive,reference_adaptive,cuda,float32,100,2000,1,0.010632109479047358,0.010611307807266712,0.010491651017218828,0.02311396598815918,1295.96875,572.65625,470.486328125,ok
reference_adaptive,reference_adaptive,cuda,float64,100,2000,1,0.024692899081856012,0.024609780171886086,0.02458892995491624,0.02311432033271421,1295.96875,572.65625,924.71923828125,ok
reference_adaptive,reference_adaptive,cuda,float32,1,100,768,0.0007212590426206589,0.0007077339105308056,0.001155950827524066,3.11079740524292,1296.96875,573.65625,18.73681640625,ok
reference_adaptive,reference_adaptive,cuda,float64,1,100,768,0.0008770454442128539,0.0008659288287162781,0.002167266793549061,3.110797342390928,1296.96875,573.65625,21.22216796875,ok
reference_adaptive,reference_adaptive,cuda,float32,1,2000,2,0.009431466460227966,0.009408336831256747,0.00935022090561688,1.6620290279388428,1297.46875,574.15625,428.685546875,ok
reference_adaptive,reference_adaptive,cuda,float64,1,2000,2,0.024413543520495296,0.02430645888671279,0.02445746399462223,1.662028851496562,1297.46875,574.15625,841.1142578125,ok
reference_adaptive,reference_adaptive,cuda,float32,4,2000,2,0.009456264087930322,0.009435568936169147,0.00938770710490644,0.22963452339172363,1297.46875,574.15625,429.92236328125,ok
reference_adaptive,reference_adaptive,cuda,float64,4,2000,2,0.024452756042592227,0.024352747946977615,0.02462484291754663,0.22963517523411303,1297.46875,574.15625,847.59423828125,ok
reference_adaptive,reference_adaptive,cuda,float32,8,2000,2,0.009467130061239004,0.009441607864573598,0.009397892048582435,0.39742016792297363,1297.96875,574.65625,431.5751953125,ok
reference_adaptive,reference_adaptive,cuda,float64,8,2000,2,0.024492240976542234,0.02443246589973569,0.024594907881692052,0.39742030856021326,1297.96875,574.65625,847.83837890625,ok
reference_adaptive,reference_adaptive,cuda,float32,16,2000,2,0.009549357579089701,0.009507486131042242,0.00948623288422823,0.27071404457092285,1297.96875,574.65625,437.29150390625,ok
reference_adaptive,reference_adaptive,cuda,float64,16,2000,2,0.02461292955558747,0.024509682087227702,0.024774946039542556,0.27071432257463046,1297.96875,574.65625,858.32958984375,ok
reference_adaptive,reference_adaptive,cuda,float32,32,2000,2,0.009751613601110876,0.009732990991324186,0.009709515841677785,0.12161922454833984,1297.96875,574.65625,441.56005859375,ok
reference_adaptive,reference_adaptive,cuda,float64,32,2000,2,0.025037487037479877,0.024869597051292658,0.025156423915177584,0.121619791764775,1297.96875,574.65625,869.318359375,ok
reference_adaptive,reference_adaptive,cuda,float32,4,100,768,0.0007191506447270513,0.0007076940964907408,0.0012264261022210121,0.801243782043457,1297.96875,574.65625,18.814453125,ok
reference_adaptive,reference_adaptive,cuda,float64,4,100,768,0.0008720880141481757,0.0008619828149676323,0.003780309110879898,0.8012436713188209,1298.9921875,575.6796875,21.3759765625,ok
reference_adaptive,reference_adaptive,cuda,float32,100,2000,2,0.010616616462357342,0.010584648000076413,0.010479492833837867,0.02185225486755371,1298.9921875,575.6796875,470.50244140625,ok
reference_adaptive,reference_adaptive,cuda,float64,100,2000,2,0.026887936983257532,0.026821824023500085,0.026970213977620006,0.021851979216296336,1298.9921875,575.6796875,924.75146484375,ok
reference_adaptive,reference_adaptive,cuda,float32,8,100,768,0.000721699558198452,0.0007103681564331055,0.0011994659435003996,0.43174445629119873,1298.9921875,575.6796875,18.91845703125,ok
reference_adaptive,reference_adaptive,cuda,float64,8,100,768,0.0008756339084357023,0.0008663400076329708,0.0010536890476942062,0.431744555462386,1299.4921875,576.1796875,21.583984375,ok
reference_adaptive,reference_adaptive,cuda,float32,16,100,768,0.0007171480683609843,0.0007044489029794931,0.0025064009241759777,0.228690505027771,1299.4921875,576.1796875,19.12646484375,ok
reference_adaptive,reference_adaptive,cuda,float64,16,100,768,0.0009594284929335117,0.0009450269863009453,0.002727020066231489,0.22869073252515504,1299.4921875,576.1796875,22.0,ok
reference_adaptive,reference_adaptive,cuda,float32,32,100,768,0.0007242334540933371,0.0007127909921109676,0.00255937990732491,0.1258012056350708,1299.4921875,576.1796875,19.5478515625,ok
reference_adaptive,reference_adaptive,cuda,float64,32,100,768,0.0008998045232146978,0.0008856691420078278,0.0027642459608614445,0.12580116316040946,1299.4921875,576.1796875,22.841796875,ok
reference_adaptive,reference_adaptive,cuda,float32,100,100,768,0.0007218244718387723,0.0007101970259100199,0.001740691950544715,0.06124401092529297,1299.9921875,576.6796875,21.54541015625,ok
reference_adaptive,reference_adaptive,cuda,float64,100,100,768,0.0010054970625787973,0.0009936790447682142,0.0014662931207567453,0.06124428184104547,1299.9921875,576.6796875,26.83544921875,ok
reference_adaptive,reference_adaptive,cuda,float32,1,2000,10,0.009387966943904757,0.009377290960401297,0.00932859885506332,2.760507106781006,1299.9921875,576.6796875,428.8076171875,ok
reference_adaptive,reference_adaptive,cuda,float64,1,2000,10,0.024527497589588165,0.024461910128593445,0.024569381028413773,2.760507211688835,1299.9921875,576.6796875,841.3583984375,ok
reference_adaptive,reference_adaptive,cuda,float32,4,2000,10,0.009424070944078267,0.009408617857843637,0.009390671039000154,0.6045942306518555,1299.9921875,576.6796875,430.04443359375,ok
reference_adaptive,reference_adaptive,cuda,float64,4,2000,10,0.024573316099122167,0.02449159394018352,0.024829756934195757,0.6045947313478601,1299.9921875,576.6796875,847.8388671875,ok
reference_adaptive,reference_adaptive,cuda,float32,8,2000,10,0.00943633890710771,0.009418281959369779,0.009385633980855346,0.3134315013885498,1299.9921875,576.6796875,431.697265625,ok
reference_adaptive,reference_adaptive,cuda,float64,8,2000,10,0.024582949932664633,0.02452660584822297,0.02499718707986176,0.31343170452570845,1299.9921875,576.6796875,848.08349609375,ok
reference_adaptive,reference_adaptive,cuda,float32,16,2000,10,0.009519869112409651,0.009489468997344375,0.00948658399283886,0.16366291046142578,1299.9921875,576.6796875,437.41455078125,ok
reference_adaptive,reference_adaptive,cuda,float64,16,2000,10,0.02474009955767542,0.024594547925516963,0.024845741922035813,0.16366301631877,1299.9921875,576.6796875,858.57568359375,ok
reference_adaptive,reference_adaptive,cuda,float32,32,2000,10,0.009723712573759258,0.009687433019280434,0.00968661205843091,0.07876348495483398,1299.9921875,576.6796875,441.68408203125,ok
reference_adaptive,reference_adaptive,cuda,float64,32,2000,10,0.025149073568172753,0.025046730879694223,0.025261230068281293,0.07876436111003882,1299.9921875,576.6796875,869.56640625,ok
reference_adaptive,reference_adaptive,cuda,float32,100,2000,10,0.010567303164862096,0.010540032060816884,0.010500964941456914,0.02942657470703125,1299.9921875,576.6796875,470.630859375,ok
reference_adaptive,reference_adaptive,cuda,float64,100,2000,10,0.027058155508711934,0.026977285044267774,0.027180887991562486,0.029426813858472123,1299.9921875,576.6796875,925.0078125,ok
reference_adaptive,reference_adaptive,cuda,float32,1,250,768,0.0007268924964591861,0.0007125011179596186,0.0015840188134461641,3.1358442306518555,1301.4921875,578.1796875,24.357421875,ok
reference_adaptive,reference_adaptive,cuda,float64,1,250,768,0.0015673539601266384,0.0015629369299858809,0.002058906015008688,3.1358445764700287,1301.4921875,578.1796875,32.986328125,ok
reference_adaptive,reference_adaptive,cuda,float32,4,250,768,0.0007264264859259129,0.0007125309202820063,0.0015629269182682037,0.7959393262863159,1301.4921875,578.1796875,24.4453125,ok
reference_adaptive,reference_adaptive,cuda,float64,4,250,768,0.001563817961141467,0.0015598218888044357,0.0021425499580800533,0.7959395214891853,1301.4921875,578.1796875,33.31787109375,ok
reference_adaptive,reference_adaptive,cuda,float32,8,250,768,0.0007288650376722217,0.0007142939139157534,0.0027756430208683014,0.4009432792663574,1301.4921875,578.1796875,24.62255859375,ok
reference_adaptive,reference_adaptive,cuda,float64,8,250,768,0.002048774971626699,0.0020442730747163296,0.0030700000934302807,0.400943429403531,1301.4921875,578.1796875,33.76318359375,ok
reference_adaptive,reference_adaptive,cuda,float32,16,250,768,0.0007278985576704144,0.0007149651646614075,0.0025919699110090733,0.20412135124206543,1301.4921875,578.1796875,25.0986328125,ok
reference_adaptive,reference_adaptive,cuda,float64,16,250,768,0.002058199024759233,0.0020533869974315166,0.002903594169765711,0.20412132593618648,1301.4921875,578.1796875,34.671875,ok
reference_adaptive,reference_adaptive,cuda,float32,32,250,768,0.0007267214823514223,0.0007130210287868977,0.002817315049469471,0.10645782947540283,1301.4921875,578.1796875,26.81298828125,ok
reference_adaptive,reference_adaptive,cuda,float64,32,250,768,0.002130151493474841,0.0021253039594739676,0.0021399969700723886,0.10645772228329098,1301.4921875,578.1796875,36.57177734375,ok
reference_adaptive,reference_adaptive,cuda,float32,100,250,768,0.0007299066055566072,0.000715065049007535,0.001742915017530322,0.043614864349365234,1301.4921875,578.1796875,31.310546875,ok
reference_adaptive,reference_adaptive,cuda,float64,100,250,768,0.002576010418124497,0.002570497104898095,0.0028302238788455725,0.043614855263679475,1301.4921875,578.1796875,45.82470703125,ok
reference_adaptive,reference_adaptive,cuda,float32,1,2000,768,0.010828883154317737,0.010778596857562661,0.01069976994767785,3.0488879680633545,1325.265625,601.953125,440.37841796875,ok
reference_adaptive,reference_adaptive,cuda,float64,1,2000,768,0.06972143950406462,0.06966354907490313,0.07054400886408985,3.048888144912183,1325.265625,601.953125,864.50146484375,ok
reference_adaptive,reference_adaptive,cuda,float32,4,2000,768,0.010835408116690814,0.010815291898325086,0.010753140086308122,0.7538977861404419,1325.265625,601.953125,441.6328125,ok
reference_adaptive,reference_adaptive,cuda,float64,4,2000,768,0.06977623654529452,0.06971224001608789,0.07074110303074121,0.7538980925347205,1325.265625,601.953125,871.0166015625,ok
reference_adaptive,reference_adaptive,cuda,float32,8,2000,768,0.010881565976887941,0.010846558026969433,0.010783945908769965,0.38363420963287354,1325.265625,601.953125,443.30908203125,ok
reference_adaptive,reference_adaptive,cuda,float64,8,2000,768,0.06979436299297959,0.06973059801384807,0.0708106670062989,0.38363434451137945,1325.265625,601.953125,871.3076171875,ok
reference_adaptive,reference_adaptive,cuda,float32,16,2000,768,0.010943082510493696,0.010915471008047462,0.010863594012334943,0.1946645975112915,1325.265625,601.953125,448.591796875,ok
reference_adaptive,reference_adaptive,cuda,float64,16,2000,768,0.06994667963590473,0.06985250907018781,0.07099464093334973,0.19466478024043,1325.265625,601.953125,881.892578125,ok
reference_adaptive,reference_adaptive,cuda,float32,32,2000,768,0.011179694905877113,0.011151022976264358,0.011065836064517498,0.0987248420715332,1325.265625,601.953125,453.4345703125,ok
reference_adaptive,reference_adaptive,cuda,float64,32,2000,768,0.07071009196806699,0.07064408785663545,0.0713744149543345,0.09872481683549439,1325.265625,601.953125,893.068359375,ok
reference_adaptive,reference_adaptive,cuda,float32,100,2000,768,0.012163920560851693,0.012137390905991197,0.012109559029340744,0.03369402885437012,1325.265625,601.953125,482.7744140625,ok
reference_adaptive,reference_adaptive,cuda,float64,100,2000,768,0.07580336986575276,0.07571460702456534,0.07674712501466274,0.03369371724140713,1325.265625,601.953125,949.2958984375,ok
batched_fixed_mm_B3,batched,cuda,float32,1,100,1,0.0006878840504214168,0.0006760868709534407,0.02873844699934125,4.20628547668457,1163.98828125,440.67578125,16.31494140625,ok
batched_fixed_mm_B3,batched,cuda,float64,1,100,1,0.0006813850486651063,0.0006689850706607103,0.0035435562022030354,4.206285376411027,1203.7421875,480.4296875,17.517578125,ok
batched_fixed_mm_B3,batched,cuda,float32,4,100,1,0.0006963014602661133,0.000685590086504817,0.000827983021736145,1.8979897499084473,1203.7421875,480.4296875,16.94482421875,ok
batched_fixed_mm_B3,batched,cuda,float64,4,100,1,0.0006922249449416995,0.0006802119314670563,0.0008457489311695099,1.8979892859835803,1203.7421875,480.4296875,17.517578125,ok
batched_fixed_mm_B3,batched,cuda,float32,8,100,1,0.000696472474373877,0.0006836270913481712,0.0007539419457316399,1.0810747146606445,1203.7421875,480.4296875,16.94482421875,ok
batched_fixed_mm_B3,batched,cuda,float64,8,100,1,0.0006909184157848358,0.0006754761561751366,0.0007367769721895456,1.081074822424375,1203.7421875,480.4296875,17.517578125,ok
batched_fixed_mm_B3,batched,cuda,float32,16,100,1,0.0006926259957253933,0.0006806440651416779,0.0007474829908460379,0.543482780456543,1203.7421875,480.4296875,16.94482421875,ok
batched_fixed_mm_B3,batched,cuda,float64,16,100,1,0.0006917050341144204,0.0006778689566999674,0.0008136609103530645,0.5434817040644053,1203.7421875,480.4296875,17.517578125,ok
batched_fixed_mm_B3,batched,cuda,float32,32,100,1,0.0006932124961167574,0.000678671058267355,0.0038308328948915005,0.26207637786865234,1208.7421875,485.4296875,16.99755859375,ok
batched_fixed_mm_B3,batched,cuda,float64,32,100,1,0.0006951501127332449,0.0006843791343271732,0.0007605620194226503,0.2620765557644922,1208.7421875,485.4296875,17.7421875,ok
batched_fixed_mm_B3,batched,cuda,float32,1,100,2,0.0006858161650598049,0.0006751150358468294,0.0007543230894953012,8.78581714630127,1208.7421875,485.4296875,16.9453125,ok
batched_fixed_mm_B3,batched,cuda,float64,1,100,2,0.0006801770068705082,0.0006685350090265274,0.0008133910596370697,8.785816892507224,1208.7421875,485.4296875,17.51904296875,ok
batched_fixed_mm_B3,batched,cuda,float32,4,100,2,0.0006924860645085573,0.0006772191263735294,0.00502963806502521,1.1228277683258057,1214.33203125,491.01953125,16.9462890625,ok
batched_fixed_mm_B3,batched,cuda,float64,4,100,2,0.0006967775989323854,0.0006837579421699047,0.0035085228737443686,1.122827874246234,1219.84765625,496.53515625,17.51904296875,ok
batched_fixed_mm_B3,batched,cuda,float32,8,100,2,0.0006929915398359299,0.0006797919049859047,0.0008602500893175602,0.774482250213623,1219.84765625,496.53515625,16.9462890625,ok
batched_fixed_mm_B3,batched,cuda,float64,8,100,2,0.0006974381394684315,0.0006867330521345139,0.0008576868567615747,0.7744822175898345,1219.84765625,496.53515625,17.51904296875,ok
batched_fixed_mm_B3,batched,cuda,float32,16,100,2,0.0006963664200156927,0.0006809739861637354,0.0007735921535640955,0.744246244430542,1219.84765625,496.53515625,16.9462890625,ok
batched_fixed_mm_B3,batched,cuda,float64,16,100,2,0.0006972630508244038,0.0006848101038485765,0.0007728911004960537,0.7442465744604609,1219.84765625,496.53515625,17.51953125,ok
batched_fixed_mm_B3,batched,cuda,float32,32,100,2,0.0006952049443498254,0.0006824161391705275,0.0010885910596698523,0.32390832901000977,1220.34765625,497.03515625,16.99853515625,ok
batched_fixed_mm_B3,batched,cuda,float64,32,100,2,0.0007048345869407058,0.0006913898978382349,0.0009098541922867298,0.32390775771383806,1220.34765625,497.03515625,17.74365234375,ok
batched_fixed_mm_B3,batched,cuda,float32,100,100,1,0.0006935229757800698,0.0006818550173193216,0.001105855917558074,0.1166219711303711,1220.34765625,497.03515625,19.04296875,ok
batched_fixed_mm_B3,batched,cuda,float64,100,100,1,0.0006899969885125756,0.00067711784504354,0.0010058379266411066,0.11662166916958938,1220.34765625,497.03515625,22.146484375,ok
batched_fixed_mm_B3,batched,cuda,float32,1,250,1,0.0006823010044172406,0.0006699168588966131,0.000736085930839181,10.439977645874023,1220.84765625,497.53515625,20.3232421875,ok
batched_fixed_mm_B3,batched,cuda,float64,1,250,1,0.0006801974959671497,0.0006679240614175797,0.0007167980074882507,10.439978352011792,1220.84765625,497.53515625,24.12841796875,ok
batched_fixed_mm_B3,batched,cuda,float32,4,250,1,0.000695946509949863,0.0006809539627283812,0.0007493458688259125,1.217209815979004,1220.84765625,497.53515625,20.7255859375,ok
batched_fixed_mm_B3,batched,cuda,float64,4,250,1,0.0006907035131007433,0.000681163975968957,0.0007390710525214672,1.2172106828574059,1220.84765625,497.53515625,24.12841796875,ok
batched_fixed_mm_B3,batched,cuda,float32,8,250,1,0.0006887450581416488,0.0006776889786124229,0.000734053086489439,0.5046732425689697,1220.84765625,497.53515625,20.7255859375,ok
batched_fixed_mm_B3,batched,cuda,float64,8,250,1,0.0006887156050652266,0.0006772978231310844,0.0007230660412460566,0.5046736329943178,1220.84765625,497.53515625,24.12841796875,ok
batched_fixed_mm_B3,batched,cuda,float32,16,250,1,0.000694193528033793,0.0006802529096603394,0.0007323899772018194,0.28969502449035645,1220.84765625,497.53515625,20.7255859375,ok
batched_fixed_mm_B3,batched,cuda,float64,16,250,1,0.0006934273988008499,0.0006815248634666204,0.0007485148962587118,0.28969599918501565,1220.84765625,497.53515625,24.12841796875,ok
batched_fixed_mm_B3,batched,cuda,float32,32,250,1,0.0006953298579901457,0.000683146994560957,0.0007427150849252939,0.11185860633850098,1220.84765625,497.53515625,20.7255859375,ok
batched_fixed_mm_B3,batched,cuda,float64,32,250,1,0.0006941884057596326,0.0006800121627748013,0.0011026321444660425,0.11185950956735846,1220.84765625,497.53515625,24.12890625,ok
batched_fixed_mm_B3,batched,cuda,float32,100,100,2,0.0007002573693171144,0.0006888059433549643,0.000814543105661869,0.07183146476745605,1220.84765625,497.53515625,19.04443359375,ok
batched_fixed_mm_B3,batched,cuda,float64,100,100,2,0.000707878964021802,0.000693202018737793,0.0008303169161081314,0.07183121345765464,1220.84765625,497.53515625,22.14990234375,ok
batched_fixed_mm_B3,batched,cuda,float32,1,100,10,0.0006845439784228802,0.0006686958950012922,0.0007537719793617725,10.065025329589844,1220.84765625,497.53515625,16.94921875,ok
batched_fixed_mm_B3,batched,cuda,float64,1,100,10,0.0006816049572080374,0.0006671228911727667,0.0007767160423099995,10.065025306165703,1220.84765625,497.53515625,17.52783203125,ok
batched_fixed_mm_B3,batched,cuda,float32,4,100,10,0.0006942484760656953,0.0006792210042476654,0.0007835270371288061,2.589158773422241,1220.84765625,497.53515625,16.955078125,ok
batched_fixed_mm_B3,batched,cuda,float64,4,100,10,0.0007007579552009702,0.0006888462230563164,0.0008304868824779987,2.589158233446509,1220.84765625,497.53515625,17.5283203125,ok
batched_fixed_mm_B3,batched,cuda,float32,8,100,10,0.0006943444022908807,0.0006863309536129236,0.0007950239814817905,1.231513500213623,1220.84765625,497.53515625,16.95556640625,ok
batched_fixed_mm_B3,batched,cuda,float64,8,100,10,0.0007018204778432846,0.0006892159581184387,0.0007725998293608427,1.2315133207165916,1220.84765625,497.53515625,17.529296875,ok
batched_fixed_mm_B3,batched,cuda,float32,100,250,1,0.0006961914477869868,0.0006859011482447386,0.000939057907089591,0.06033754348754883,1220.84765625,497.53515625,23.05078125,ok
batched_fixed_mm_B3,batched,cuda,float64,100,250,1,0.0006975630531087518,0.000682146055623889,0.0007463411893695593,0.06033761816884953,1220.84765625,497.53515625,28.3857421875,ok
batched_fixed_mm_B3,batched,cuda,float32,1,250,2,0.000684053055010736,0.0006719599477946758,0.0007293450180441141,11.105610847473145,1220.84765625,497.53515625,20.7265625,ok
batched_fixed_mm_B3,batched,cuda,float64,1,250,2,0.0006816650275141001,0.0006700281519442797,0.0007289561908692122,11.105611070510136,1220.84765625,497.53515625,24.13134765625,ok
batched_fixed_mm_B3,batched,cuda,float32,4,250,2,0.000694017973728478,0.0006828070618212223,0.0007617641240358353,2.479666233062744,1220.84765625,497.53515625,20.728515625,ok
batched_fixed_mm_B3,batched,cuda,float64,4,250,2,0.0007018550531938672,0.0006889959331601858,0.0007721700239926577,2.479666884677499,1220.84765625,497.53515625,24.13134765625,ok
batched_fixed_mm_B3,batched,cuda,float32,8,250,2,0.0006982600316405296,0.0006848499178886414,0.0007876330055296421,1.1815283298492432,1220.84765625,497.53515625,20.728515625,ok
batched_fixed_mm_B3,batched,cuda,float64,8,250,2,0.0007005829829722643,0.0006901980377733707,0.0007674619555473328,1.1815280226880782,1220.84765625,497.53515625,24.13134765625,ok
batched_fixed_mm_B3,batched,cuda,float32,16,100,10,0.0007003220962360501,0.0006880839355289936,0.0007783989422023296,0.6127996444702148,1220.84765625,497.53515625,17.35400390625,ok
batched_fixed_mm_B3,batched,cuda,float64,16,100,10,0.0007013644790276885,0.000686743063852191,0.0007796110585331917,0.612799211648845,1220.84765625,497.53515625,17.53125,ok
batched_fixed_mm_B3,batched,cuda,float32,16,250,2,0.0006955859716981649,0.0006831670179963112,0.0007420750334858894,0.6977555751800537,1220.84765625,497.53515625,20.3310546875,ok
batched_fixed_mm_B3,batched,cuda,float64,16,250,2,0.0007067871047183871,0.000693832989782095,0.0007878527976572514,0.6977568866644241,1220.84765625,497.53515625,24.1318359375,ok
batched_fixed_mm_B3,batched,cuda,float32,32,250,2,0.0006982251070439816,0.0006870031356811523,0.0007734410464763641,0.2993595600128174,1220.84765625,497.53515625,20.72900390625,ok
batched_fixed_mm_B3,batched,cuda,float64,32,250,2,0.0007080895593389869,0.0006968569941818714,0.0008096159435808659,0.29935942267607585,1220.84765625,497.53515625,24.13232421875,ok
batched_fixed_mm_B3,batched,cuda,float32,32,100,10,0.0006992559647187591,0.0006847998593002558,0.0008019939996302128,0.33466005325317383,1220.84765625,497.53515625,17.35595703125,ok
batched_fixed_mm_B3,batched,cuda,float64,32,100,10,0.0007078289054334164,0.0006964870262891054,0.0008106569293886423,0.3346600084838651,1220.84765625,497.53515625,17.75537109375,ok
batched_fixed_mm_B3,batched,cuda,float32,100,250,2,0.0007011640118435025,0.0006863218732178211,0.0007736808620393276,0.12751531600952148,1220.84765625,497.53515625,23.052734375,ok
batched_fixed_mm_B3,batched,cuda,float64,100,250,2,0.0007261005230247974,0.0007163670379668474,0.0007837868761271238,0.1275152937660513,1220.84765625,497.53515625,28.39013671875,ok
batched_fixed_mm_B3,batched,cuda,float32,100,100,10,0.0006998470053076744,0.0006861621513962746,0.0008243070915341377,0.1388566493988037,1220.84765625,497.53515625,19.056640625,ok
batched_fixed_mm_B3,batched,cuda,float64,100,100,10,0.0007070825668051839,0.0006909589283168316,0.0008306060917675495,0.1388565376047053,1220.84765625,497.53515625,22.173828125,ok
batched_fixed_mm_B3,batched,cuda,float32,1,250,10,0.0006875684484839439,0.0006765779107809067,0.0007398021407425404,10.571624755859375,1220.84765625,497.53515625,20.3388671875,ok
batched_fixed_mm_B3,batched,cuda,float64,1,250,10,0.0006822259165346622,0.0006713289767503738,0.0007251801434904337,10.571625378459961,1220.84765625,497.53515625,24.15478515625,ok
batched_fixed_mm_B3,batched,cuda,float32,4,250,10,0.0006934470729902387,0.000682976795360446,0.00075539480894804,2.384557008743286,1220.84765625,497.53515625,20.751953125,ok
batched_fixed_mm_B3,batched,cuda,float64,4,250,10,0.000702842022292316,0.0006906180642545223,0.0007700461428612471,2.3845575423141363,1220.84765625,497.53515625,24.1552734375,ok
batched_fixed_mm_B3,batched,cuda,float32,8,250,10,0.0006948794471099973,0.0006840480491518974,0.0007514290045946836,1.3865201473236084,1220.84765625,497.53515625,20.75244140625,ok
batched_fixed_mm_B3,batched,cuda,float64,8,250,10,0.0007048444822430611,0.0006905980408191681,0.0007757549174129963,1.3865208257389114,1220.84765625,497.53515625,24.15625,ok
batched_fixed_mm_B3,batched,cuda,float32,16,250,10,0.0006971829570829868,0.0006824461743235588,0.0007794599514454603,0.8101022243499756,1220.84765625,497.53515625,20.75341796875,ok
batched_fixed_mm_B3,batched,cuda,float64,16,250,10,0.0007061118958517909,0.0006969571113586426,0.0007974279578775167,0.8101031027475978,1220.84765625,497.53515625,24.158203125,ok
batched_fixed_mm_B3,batched,cuda,float32,32,250,10,0.0007025054655969143,0.0006914201658219099,0.0007692649960517883,0.3471219539642334,1220.84765625,497.53515625,20.75537109375,ok
batched_fixed_mm_B3,batched,cuda,float64,32,250,10,0.0007083548698574305,0.0006995319854468107,0.0007904171943664551,0.3471227172312239,1220.84765625,497.53515625,24.16162109375,ok
batched_fixed_mm_B3,batched,cuda,float32,100,250,10,0.0007061364594846964,0.0006948539521545172,0.000781673938035965,0.13630342483520508,1220.84765625,497.53515625,23.06982421875,ok
batched_fixed_mm_B3,batched,cuda,float64,100,250,10,0.0007239379920065403,0.0007123709656298161,0.000790697056800127,0.13630406216110558,1221.34765625,498.03515625,28.423828125,ok
batched_fixed_mm_B3,batched,cuda,float32,1,2000,1,0.0006871729856356978,0.0006713289767503738,0.0018921771552413702,3.1791858673095703,1221.34765625,498.03515625,261.64990234375,ok
batched_fixed_mm_B3,batched,cuda,float64,1,2000,1,0.0006819604896008968,0.0006690160371363163,0.005663601914420724,3.1791865721755066,1222.84765625,499.53515625,520.58203125,ok
batched_fixed_mm_B3,batched,cuda,float32,4,2000,1,0.0006947844522073865,0.0006783199496567249,0.002307574963197112,2.0108821392059326,1222.84765625,499.53515625,291.7001953125,ok
batched_fixed_mm_B3,batched,cuda,float64,4,2000,1,0.0006943244952708483,0.0006796920206397772,0.006321440916508436,2.010883480822238,1222.84765625,499.53515625,520.58203125,ok
batched_fixed_mm_B3,batched,cuda,float32,8,2000,1,0.0006923360051587224,0.0006807539612054825,0.0023401938378810883,0.5961558818817139,1222.84765625,499.53515625,291.7001953125,ok
batched_fixed_mm_B3,batched,cuda,float64,8,2000,1,0.0006939584854990244,0.0006815649103373289,0.0063844360411167145,0.5961570062929513,1222.84765625,499.53515625,520.58203125,ok
batched_fixed_mm_B3,batched,cuda,float32,16,2000,1,0.000695570488460362,0.0006841490976512432,0.0023559078108519316,0.26214051246643066,1222.84765625,499.53515625,291.7001953125,ok
batched_fixed_mm_B3,batched,cuda,float64,16,2000,1,0.0006958110025152564,0.0006822349969297647,0.0064285919070243835,0.2621416636789604,1222.84765625,499.53515625,520.58203125,ok
batched_fixed_mm_B3,batched,cuda,float32,32,2000,1,0.0006994159193709493,0.0006866918411105871,0.0023687370121479034,0.1992485523223877,1222.84765625,499.53515625,291.7001953125,ok
batched_fixed_mm_B3,batched,cuda,float64,32,2000,1,0.0006942234467715025,0.0006765970028936863,0.006555329076945782,0.19924923879189604,1222.84765625,499.53515625,520.58251953125,ok
batched_fixed_mm_B3,batched,cuda,float32,100,2000,1,0.0007019999902695417,0.0006851099897176027,0.002510117134079337,0.049878835678100586,1222.84765625,499.53515625,291.701171875,ok
batched_fixed_mm_B3,batched,cuda,float64,100,2000,1,0.0011966564925387502,0.0011864358093589544,0.007197805913165212,0.049878160127811544,1222.84765625,499.53515625,520.583984375,ok
batched_fixed_mm_B3,batched,cuda,float32,1,100,768,0.0006870129145681858,0.000672520836815238,0.0008731801062822342,9.284772872924805,1224.34765625,501.03515625,47.72265625,ok
batched_fixed_mm_B3,batched,cuda,float64,1,100,768,0.0006810383638367057,0.0006704078987240791,0.007368921069428325,9.284773073039094,1229.89453125,506.58203125,18.43115234375,ok
batched_fixed_mm_B3,batched,cuda,float32,1,2000,2,0.0006824008887633681,0.0006693471223115921,0.002341466024518013,5.072086811065674,1229.89453125,506.58203125,261.82275390625,ok
batched_fixed_mm_B3,batched,cuda,float64,1,2000,2,0.0006808434845879674,0.0006690861191600561,0.006301832152530551,5.072088398158984,1229.89453125,506.58203125,520.60498046875,ok
batched_fixed_mm_B3,batched,cuda,float32,4,2000,2,0.0006963020423427224,0.0006823360454291105,0.0023661728482693434,1.958695411682129,1229.89453125,506.58203125,291.72314453125,ok
batched_fixed_mm_B3,batched,cuda,float64,4,2000,2,0.0011632564710453153,0.0011545591987669468,0.006960912840440869,1.9586964012790955,1229.89453125,506.58203125,520.60498046875,ok
batched_fixed_mm_B3,batched,cuda,float32,8,2000,2,0.0006978589808568358,0.0006847390905022621,0.0023786809761077166,0.8914194107055664,1229.89453125,506.58203125,291.72314453125,ok
batched_fixed_mm_B3,batched,cuda,float64,8,2000,2,0.0011626210762187839,0.0011534569784998894,0.007040593074634671,0.8914210732975012,1229.89453125,506.58203125,520.60498046875,ok
batched_fixed_mm_B3,batched,cuda,float32,16,2000,2,0.0006981445476412773,0.0006841078866273165,0.0023962778504937887,0.6199641227722168,1229.89453125,506.58203125,291.72314453125,ok
batched_fixed_mm_B3,batched,cuda,float64,16,2000,2,0.0011730619007721543,0.0011627718340605497,0.00704088294878602,0.619964958317202,1229.89453125,506.58203125,520.60546875,ok
batched_fixed_mm_B3,batched,cuda,float32,32,2000,2,0.000772524974308908,0.0007652898784726858,0.0025863500777632,0.2405242919921875,1229.89453125,506.58203125,291.7236328125,ok
batched_fixed_mm_B3,batched,cuda,float64,32,2000,2,0.0011991504579782486,0.0011930458713322878,0.007184768095612526,0.24052615393452514,1229.89453125,506.58203125,520.60595703125,ok
batched_fixed_mm_B3,batched,cuda,float32,4,100,768,0.0006970979738980532,0.0006838580593466759,0.0011555710807442665,2.471540927886963,1229.89453125,506.58203125,47.75732421875,ok
batched_fixed_mm_B3,batched,cuda,float64,4,100,768,0.0007243534782901406,0.0007216138765215874,0.0011745288502424955,2.4715406888912255,1229.89453125,506.58203125,18.46484375,ok
batched_fixed_mm_B3,batched,cuda,float32,100,2000,2,0.0008006469579413533,0.0007914889138191938,0.0027454078663140535,0.1223459243774414,1229.89453125,506.58203125,261.82470703125,ok
batched_fixed_mm_B3,batched,cuda,float64,100,2000,2,0.0019057724857702851,0.0018987271469086409,0.007896175840869546,0.12234637958886951,1229.89453125,506.58203125,520.609375,ok
batched_fixed_mm_B3,batched,cuda,float32,8,100,768,0.0006989709800109267,0.0006869528442621231,0.0009738400112837553,1.2602936029434204,1229.89453125,506.58203125,47.79248046875,ok
batched_fixed_mm_B3,batched,cuda,float64,8,100,768,0.0007426304509863257,0.0007397311273962259,0.0010609100572764874,1.2602931806696405,1229.89453125,506.58203125,18.53515625,ok
batched_fixed_mm_B3,batched,cuda,float32,16,100,768,0.0007018194301053882,0.0006889358628541231,0.0021455641835927963,0.670470118522644,1229.89453125,506.58203125,17.9755859375,ok
batched_fixed_mm_B3,batched,cuda,float64,16,100,768,0.0007585990242660046,0.000756195979192853,0.0024324520491063595,0.6704695832803629,1229.89453125,506.58203125,18.67578125,ok
batched_fixed_mm_B3,batched,cuda,float32,32,100,768,0.0007034519221633673,0.0006875039543956518,0.0012124748900532722,0.38225257396698,1229.89453125,506.58203125,18.1162109375,ok
batched_fixed_mm_B3,batched,cuda,float64,32,100,768,0.0008365354733541608,0.0008335108868777752,0.0018254779279232025,0.3822525207452605,1229.89453125,506.58203125,19.75341796875,ok
batched_fixed_mm_B3,batched,cuda,float32,100,100,768,0.0007004629587754607,0.0006883649621158838,0.0014996430836617947,0.18331968784332275,1231.89453125,508.58203125,21.095703125,ok
batched_fixed_mm_B3,batched,cuda,float64,100,100,768,0.001833408954553306,0.0018297538626939058,0.0018950309604406357,0.18331902902984631,1231.89453125,508.58203125,26.17138671875,ok
batched_fixed_mm_B3,batched,cuda,float32,1,2000,10,0.0006837930995970964,0.0006745839491486549,0.0023120820987969637,9.074413299560547,1231.89453125,508.58203125,261.8837890625,ok
batched_fixed_mm_B3,batched,cuda,float64,1,2000,10,0.0006817856337875128,0.0006713089533150196,0.006439086981117725,9.074414336702148,1231.89453125,508.58203125,520.7880859375,ok
batched_fixed_mm_B3,batched,cuda,float32,4,2000,10,0.0006951600080356002,0.0006825970485806465,0.0023572989739477634,2.1751174926757812,1231.89453125,508.58203125,291.90625,ok
batched_fixed_mm_B3,batched,cuda,float64,4,2000,10,0.0011567820329219103,0.0011467270087450743,0.007031008135527372,2.175118765041832,1231.89453125,508.58203125,520.78857421875,ok
batched_fixed_mm_B3,batched,cuda,float32,8,2000,10,0.0006970225367695093,0.0006858408451080322,0.002355446107685566,0.952078104019165,1231.89453125,508.58203125,291.90673828125,ok
batched_fixed_mm_B3,batched,cuda,float64,8,2000,10,0.0011632569367066026,0.0011550099588930607,0.007145709125325084,0.9520788031780851,1231.89453125,508.58203125,520.78955078125,ok
batched_fixed_mm_B3,batched,cuda,float32,16,2000,10,0.0006985506042838097,0.0006870531942695379,0.0023941739927977324,0.49098682403564453,1231.89453125,508.58203125,291.90771484375,ok
batched_fixed_mm_B3,batched,cuda,float64,16,2000,10,0.0011721999617293477,0.0011629220098257065,0.007186280097812414,0.4909870404478085,1231.89453125,508.58203125,520.79150390625,ok
batched_fixed_mm_B3,batched,cuda,float32,32,2000,10,0.0007744079921394587,0.0007623950950801373,0.002584477886557579,0.2595076560974121,1231.89453125,508.58203125,291.90966796875,ok
batched_fixed_mm_B3,batched,cuda,float64,32,2000,10,0.0011991949286311865,0.0011934670619666576,0.0073275098111480474,0.2595081116883904,1231.89453125,508.58203125,520.794921875,ok
batched_fixed_mm_B3,batched,cuda,float32,100,2000,10,0.0008036610670387745,0.0007948640268296003,0.002723515033721924,0.09820437431335449,1231.89453125,508.58203125,291.91748046875,ok
batched_fixed_mm_B3,batched,cuda,float64,100,2000,10,0.0019049859838560224,0.0018989068921655416,0.008040671003982425,0.09820344307535667,1231.89453125,508.58203125,520.810546875,ok
batched_fixed_mm_B3,batched,cuda,float32,1,250,768,0.0006883599562570453,0.0006766668520867825,0.0028157129418104887,9.325418472290039,1231.89453125,508.58203125,51.67041015625,ok
batched_fixed_mm_B3,batched,cuda,float64,1,250,768,0.000687052495777607,0.0006769280880689621,0.0017349431291222572,9.32542056606015,1231.89453125,508.58203125,26.33984375,ok
batched_fixed_mm_B3,batched,cuda,float32,4,250,768,0.0006977790035307407,0.0006880038417875767,0.002303309040144086,2.401482582092285,1235.39453125,512.08203125,22.78173828125,ok
batched_fixed_mm_B3,batched,cuda,float64,4,250,768,0.0008662444306537509,0.0008629849180579185,0.0013367498759180307,2.40148356521499,1235.39453125,512.08203125,26.392578125,ok
batched_fixed_mm_B3,batched,cuda,float32,8,250,768,0.0007054255111142993,0.0006936118006706238,0.0015064519830048084,1.1917861700057983,1235.39453125,512.08203125,22.81689453125,ok
batched_fixed_mm_B3,batched,cuda,float64,8,250,768,0.0008811620064079762,0.0008778369519859552,0.0013116118498146534,1.1917869482322623,1235.39453125,512.08203125,26.462890625,ok
batched_fixed_mm_B3,batched,cuda,float32,16,250,768,0.0007010895060375333,0.0006860108114778996,0.001206676010042429,0.6204653978347778,1235.39453125,512.08203125,22.88720703125,ok
batched_fixed_mm_B3,batched,cuda,float64,16,250,768,0.0008945721201598644,0.0008915681391954422,0.002311882097274065,0.6204660227209258,1235.39453125,512.08203125,26.603515625,ok
batched_fixed_mm_B3,batched,cuda,float32,32,250,768,0.0007006081286817789,0.000684238038957119,0.0015870027709752321,0.3258734941482544,1235.39453125,512.08203125,23.02783203125,ok
batched_fixed_mm_B3,batched,cuda,float64,32,250,768,0.0009388780454173684,0.0009351922199130058,0.0012989640235900879,0.3258742919728064,1235.39453125,512.08203125,26.884765625,ok
batched_fixed_mm_B3,batched,cuda,float32,100,250,768,0.0007020349148660898,0.0006899579893797636,0.0015946950297802687,0.13227057456970215,1235.39453125,512.08203125,24.65966796875,ok
batched_fixed_mm_B3,batched,cuda,float64,100,250,768,0.002142063924111426,0.002138023031875491,0.002490357030183077,0.13227099347051396,1236.25390625,512.94140625,31.81494140625,ok
batched_fixed_mm_B3,batched,cuda,float32,1,2000,768,0.0006882499437779188,0.0006787509191781282,0.002873338060453534,9.251165390014648,1260.0390625,536.7265625,268.955078125,ok
batched_fixed_mm_B3,batched,cuda,float64,1,2000,768,0.0006835475796833634,0.0006715899799019098,0.02209265297278762,9.251166209536375,1260.0390625,536.7265625,538.15380859375,ok
batched_fixed_mm_B3,batched,cuda,float32,4,2000,768,0.0006997911259531975,0.0006899670697748661,0.0029092018958181143,2.274559497833252,1260.0390625,536.7265625,309.28955078125,ok
batched_fixed_mm_B3,batched,cuda,float64,4,2000,768,0.002563536516390741,0.0025592599995434284,0.024219668935984373,2.274559391224704,1277.10546875,553.79296875,538.20654296875,ok
batched_fixed_mm_B3,batched,cuda,float32,8,2000,768,0.0007005879888311028,0.0006874739192426205,0.002923112129792571,1.1504637002944946,1277.10546875,553.79296875,309.32470703125,ok
batched_fixed_mm_B3,batched,cuda,float64,8,2000,768,0.0026041524251922965,0.0025987590197473764,0.02428445592522621,1.1504641668783269,1277.10546875,553.79296875,538.27685546875,ok
batched_fixed_mm_B3,batched,cuda,float32,16,2000,768,0.0007000919431447983,0.0006848589982837439,0.002993606962263584,0.5845614671707153,1277.10546875,553.79296875,309.39501953125,ok
batched_fixed_mm_B3,batched,cuda,float64,16,2000,768,0.002670155488885939,0.0026676009874790907,0.02431163704022765,0.5845623362901364,1277.10546875,553.79296875,538.41748046875,ok
batched_fixed_mm_B3,batched,cuda,float32,32,2000,768,0.0007793904514983296,0.0007704468443989754,0.0032569891773164272,0.3011496067047119,1277.10546875,553.79296875,309.53564453125,ok
batched_fixed_mm_B3,batched,cuda,float64,32,2000,768,0.0028177954955026507,0.0028118870686739683,0.02448405302129686,0.3011499518306153,1277.10546875,553.79296875,538.69873046875,ok
batched_fixed_mm_B3,batched,cuda,float32,100,2000,768,0.0008390095317736268,0.0008215529378503561,0.003412761026993394,0.09717798233032227,1277.10546875,553.79296875,310.13330078125,ok
batched_fixed_mm_B3,batched,cuda,float64,100,2000,768,0.008603028487414122,0.00859838118776679,0.03061962709762156,0.09717777683303197,1277.10546875,553.79296875,540.55810546875,ok
batched_reference_B3,batched_reference,cuda,float32,1,100,1,0.001729559968225658,0.0017041470855474472,0.11341790086589754,4.20628547668457,1254.3984375,531.0859375,17.3857421875,ok
batched_reference_B3,batched_reference,cuda,float64,1,100,1,0.0017323639476671815,0.0017067310400307178,0.007996285101398826,4.206285376411026,1292.63671875,569.32421875,18.515625,ok
batched_reference_B3,batched_reference,cuda,float32,4,100,1,0.0017411625012755394,0.001711338059976697,0.0018993581179529428,1.8979895114898682,1292.63671875,569.32421875,17.4541015625,ok
batched_reference_B3,batched_reference,cuda,float64,4,100,1,0.0017375319730490446,0.001710996963083744,0.0018911161459982395,1.8979892859835794,1292.63671875,569.32421875,18.650390625,ok
batched_reference_B3,batched_reference,cuda,float32,8,100,1,0.0017423090757802129,0.0017188889905810356,0.0018591070547699928,1.0810754299163818,1293.13671875,569.82421875,17.54833984375,ok
batched_reference_B3,batched_reference,cuda,float64,8,100,1,0.001745904446579516,0.0017253379337489605,0.0018074112012982368,1.0810748224243731,1293.13671875,569.82421875,18.84130859375,ok
batched_reference_B3,batched_reference,cuda,float32,16,100,1,0.0017380975186824799,0.0017174060922116041,0.0018210210837423801,0.5434815883636475,1293.13671875,569.82421875,17.74658203125,ok
batched_reference_B3,batched_reference,cuda,float64,16,100,1,0.0017414574977010489,0.0017191888764500618,0.0018114570993930101,0.543481704064408,1293.13671875,569.82421875,19.23779296875,ok
batched_reference_B3,batched_reference,cuda,float32,32,100,1,0.0017575370147824287,0.001737335929647088,0.002048460068181157,0.26207685470581055,1293.6953125,570.3828125,18.18701171875,ok
batched_reference_B3,batched_reference,cuda,float64,32,100,1,0.0017626939807087183,0.0017393501475453377,0.0022738149855285883,0.2620765557644922,1293.6953125,570.3828125,20.11767578125,ok
batched_reference_B3,batched_reference,cuda,float32,1,100,2,0.0017618535785004497,0.0017347228713333607,0.0019356519915163517,8.785818099975586,1293.6953125,570.3828125,17.3876953125,ok
batched_reference_B3,batched_reference,cuda,float64,1,100,2,0.0017687234794721007,0.0017444270197302103,0.0019656759686768055,8.785816892507224,1293.6953125,570.3828125,18.51953125,ok
batched_reference_B3,batched_reference,cuda,float32,4,100,2,0.0017665449995547533,0.001747411908581853,0.0018340710084885359,1.1228277683258057,1293.6953125,570.3828125,17.4560546875,ok
batched_reference_B3,batched_reference,cuda,float64,4,100,2,0.001760936575010419,0.0017423438839614391,0.0018386770971119404,1.122827874246234,1293.6953125,570.3828125,18.654296875,ok
batched_reference_B3,batched_reference,cuda,float32,8,100,2,0.0017608170164749026,0.001745257992297411,0.001851456006988883,0.7744817733764648,1293.6953125,570.3828125,17.55029296875,ok
batched_reference_B3,batched_reference,cuda,float64,8,100,2,0.001758082420565188,0.0017299759201705456,0.0018411909695714712,0.7744822175898354,1293.6953125,570.3828125,18.84521484375,ok
batched_reference_B3,batched_reference,cuda,float32,16,100,2,0.0017565499292686582,0.0017343221697956324,0.001882513053715229,0.744246244430542,1293.6953125,570.3828125,17.74853515625,ok
batched_reference_B3,batched_reference,cuda,float64,16,100,2,0.0017605405300855637,0.0017436661291867495,0.0018466690089553595,0.7442465744604605,1293.6953125,570.3828125,19.2421875,ok
batched_reference_B3,batched_reference,cuda,float32,32,100,2,0.0017597394762560725,0.0017368958797305822,0.0018440159037709236,0.32390809059143066,1293.6953125,570.3828125,18.189453125,ok
batched_reference_B3,batched_reference,cuda,float64,32,100,2,0.0017696800641715527,0.0017529898323118687,0.0018553719855844975,0.3239077577138394,1293.6953125,570.3828125,20.1220703125,ok
batched_reference_B3,batched_reference,cuda,float32,100,100,1,0.001743065076880157,0.0017176580149680376,0.0019526570104062557,0.1166219711303711,1293.6953125,570.3828125,20.68505859375,ok
batched_reference_B3,batched_reference,cuda,float64,100,100,1,0.0017372911097481847,0.0017159250564873219,0.002257632091641426,0.11662166916958938,1293.6953125,570.3828125,25.810546875,ok
batched_reference_B3,batched_reference,cuda,float32,1,250,1,0.0017319534672424197,0.0017106670420616865,0.0018327790312469006,10.439977645874023,1293.6953125,570.3828125,23.37353515625,ok
batched_reference_B3,batched_reference,cuda,float64,1,250,1,0.0017373270820826292,0.001716966973617673,0.0018959331791847944,10.439978352011792,1293.6953125,570.3828125,30.20166015625,ok
batched_reference_B3,batched_reference,cuda,float32,4,250,1,0.001733851502649486,0.001711749006062746,0.0018230241257697344,1.2172095775604248,1293.6953125,570.3828125,23.45556640625,ok
batched_reference_B3,batched_reference,cuda,float64,4,250,1,0.001747486530803144,0.0017247979994863272,0.0019082410726696253,1.2172106828574059,1293.6953125,570.3828125,30.5390625,ok
batched_reference_B3,batched_reference,cuda,float32,8,250,1,0.0017336159944534302,0.0017111280467361212,0.0019034640863537788,0.5046730041503906,1294.1953125,570.8828125,23.62646484375,ok
batched_reference_B3,batched_reference,cuda,float64,8,250,1,0.0017454385524615645,0.0017227749340236187,0.001835032133385539,0.5046736329943187,1294.1953125,570.8828125,30.99365234375,ok
batched_reference_B3,batched_reference,cuda,float32,16,250,1,0.001744327018968761,0.0017270620446652174,0.0018315669149160385,0.28969550132751465,1294.1953125,570.8828125,24.0869140625,ok
batched_reference_B3,batched_reference,cuda,float64,16,250,1,0.0017452235333621502,0.001721533015370369,0.0018228038679808378,0.2896959991850174,1294.1953125,570.8828125,31.9189453125,ok
batched_reference_B3,batched_reference,cuda,float32,32,250,1,0.0017462399555370212,0.0017223339527845383,0.0018208909314125776,0.11185812950134277,1294.1953125,570.8828125,25.77490234375,ok
batched_reference_B3,batched_reference,cuda,float64,32,250,1,0.001741282525472343,0.0017159439157694578,0.0018217230681329966,0.1118595095673589,1294.1953125,570.8828125,34.57568359375,ok
batched_reference_B3,batched_reference,cuda,float32,100,100,2,0.001758898375555873,0.00174193293787539,0.0018708249554038048,0.07183098793029785,1294.6953125,571.3828125,20.689453125,ok
batched_reference_B3,batched_reference,cuda,float64,100,100,2,0.0018031299114227295,0.0017868711147457361,0.0018852369394153357,0.07183121345765553,1294.6953125,571.3828125,25.818359375,ok
batched_reference_B3,batched_reference,cuda,float32,1,100,10,0.0017544319853186607,0.0017381170764565468,0.001833589980378747,10.065025329589844,1294.6953125,571.3828125,17.3994140625,ok
batched_reference_B3,batched_reference,cuda,float64,1,100,10,0.0017546219751238823,0.001735143130645156,0.0018262588419020176,10.065025306165703,1294.6953125,571.3828125,18.54296875,ok
batched_reference_B3,batched_reference,cuda,float32,4,100,10,0.0017550629563629627,0.0017315279692411423,0.0018337098881602287,2.589158535003662,1294.6953125,571.3828125,17.46923828125,ok
batched_reference_B3,batched_reference,cuda,float64,4,100,10,0.0017572864890098572,0.0017395298928022385,0.0018315671477466822,2.589158233446511,1294.6953125,571.3828125,18.6796875,ok
batched_reference_B3,batched_reference,cuda,float32,8,100,10,0.0017662644386291504,0.001746620051562786,0.0018326379358768463,1.231513500213623,1294.6953125,571.3828125,17.56396484375,ok
batched_reference_B3,batched_reference,cuda,float64,8,100,10,0.001757637015543878,0.001733971992507577,0.0018411909695714712,1.231513320716593,1294.6953125,571.3828125,18.87158203125,ok
batched_reference_B3,batched_reference,cuda,float32,100,250,1,0.0017457095673307776,0.0017276820726692677,0.001842833822593093,0.06033730506896973,1294.6953125,571.3828125,29.8154296875,ok
batched_reference_B3,batched_reference,cuda,float64,100,250,1,0.0017421290976926684,0.0017203409224748611,0.002389618195593357,0.06033761816885086,1294.6953125,571.3828125,43.373046875,ok
batched_reference_B3,batched_reference,cuda,float32,1,250,2,0.0017656784038990736,0.0017388290725648403,0.0022942358627915382,11.105610847473145,1294.6953125,571.3828125,23.37744140625,ok
batched_reference_B3,batched_reference,cuda,float64,1,250,2,0.0018479310674592853,0.001832959009334445,0.0019112259615212679,11.105611070510138,1294.6953125,571.3828125,30.20947265625,ok
batched_reference_B3,batched_reference,cuda,float32,4,250,2,0.0017675914568826556,0.0017527800519019365,0.0018582260236144066,2.479665994644165,1294.6953125,571.3828125,23.45947265625,ok
batched_reference_B3,batched_reference,cuda,float64,4,250,2,0.0018319819355383515,0.0018123681657016277,0.0019128480926156044,2.4796668846774996,1294.6953125,571.3828125,30.546875,ok
batched_reference_B3,batched_reference,cuda,float32,8,250,2,0.0017721235053613782,0.001751207048073411,0.0018566139042377472,1.1815283298492432,1294.6953125,571.3828125,23.63037109375,ok
batched_reference_B3,batched_reference,cuda,float64,8,250,2,0.0018516210839152336,0.0018329189624637365,0.0019169340375810862,1.1815280226880787,1294.6953125,571.3828125,31.00146484375,ok
batched_reference_B3,batched_reference,cuda,float32,16,100,10,0.0017552785575389862,0.0017374369781464338,0.0018395991064608097,0.6127991676330566,1294.6953125,571.3828125,17.7646484375,ok
batched_reference_B3,batched_reference,cuda,float64,16,100,10,0.0017628190107643604,0.0017428339924663305,0.0018507959321141243,0.6127992116488463,1294.6953125,571.3828125,19.27294921875,ok
batched_reference_B3,batched_reference,cuda,float32,16,250,2,0.001772929448634386,0.0017510568723082542,0.001845506951212883,0.6977560520172119,1294.6953125,571.3828125,24.0908203125,ok
batched_reference_B3,batched_reference,cuda,float64,16,250,2,0.0018593629356473684,0.001843694830313325,0.0019342091400176287,0.6977568866644228,1294.6953125,571.3828125,31.92724609375,ok
batched_reference_B3,batched_reference,cuda,float32,32,250,2,0.0017726791556924582,0.0017509569879621267,0.001862633042037487,0.2993595600128174,1294.6953125,571.3828125,25.779296875,ok
batched_reference_B3,batched_reference,cuda,float64,32,250,2,0.0017759689362719655,0.001757647143676877,0.00271086604334414,0.29935942267607674,1295.703125,572.390625,34.583984375,ok
batched_reference_B3,batched_reference,cuda,float32,32,100,10,0.0017600760329514742,0.0017424342222511768,0.0018591079860925674,0.33466029167175293,1295.703125,572.390625,18.20703125,ok
batched_reference_B3,batched_reference,cuda,float64,32,100,10,0.001763525535352528,0.0017464500851929188,0.0018498941790312529,0.3346600084838651,1295.703125,572.390625,20.1572265625,ok
batched_reference_B3,batched_reference,cuda,float32,100,250,2,0.0017731399275362492,0.0017541120760142803,0.0018778161611407995,0.12751507759094238,1295.703125,572.390625,29.82177734375,ok
batched_reference_B3,batched_reference,cuda,float64,100,250,2,0.001772052957676351,0.0017505758441984653,0.0018751320894807577,0.1275152937660513,1295.703125,572.390625,43.384765625,ok
batched_reference_B3,batched_reference,cuda,float32,100,100,10,0.0017632355447858572,0.001742855180054903,0.0018522869795560837,0.1388564109802246,1295.703125,572.390625,20.71923828125,ok
batched_reference_B3,batched_reference,cuda,float64,100,100,10,0.0018031945219263434,0.0017860489897429943,0.0018750610761344433,0.13885653760470706,1295.703125,572.390625,25.87890625,ok
batched_reference_B3,batched_reference,cuda,float32,1,250,10,0.0017702910117805004,0.0017462498508393764,0.0018731891177594662,10.571625709533691,1295.703125,572.390625,23.40869140625,ok
batched_reference_B3,batched_reference,cuda,float64,1,250,10,0.001848481479100883,0.0018347620498389006,0.0019125971011817455,10.571625378459961,1295.703125,572.390625,30.27197265625,ok
batched_reference_B3,batched_reference,cuda,float32,4,250,10,0.0017718179151415825,0.0017473308835178614,0.00186297413893044,2.3845577239990234,1295.703125,572.390625,23.49072265625,ok
batched_reference_B3,batched_reference,cuda,float64,4,250,10,0.0018310565501451492,0.0018091138917952776,0.0019146411214023829,2.384557542314137,1295.703125,572.390625,30.60986328125,ok
batched_reference_B3,batched_reference,cuda,float32,8,250,10,0.0017701805336400867,0.0017448379658162594,0.0018595389556139708,1.3865211009979248,1295.703125,572.390625,23.662109375,ok
batched_reference_B3,batched_reference,cuda,float64,8,250,10,0.001846213941462338,0.0018364239949733019,0.0019121470395475626,1.3865208257389114,1295.703125,572.390625,31.0654296875,ok
batched_reference_B3,batched_reference,cuda,float32,16,250,10,0.0017712070839479566,0.001742183929309249,0.0018422130960971117,0.8101027011871338,1295.703125,572.390625,24.12353515625,ok
batched_reference_B3,batched_reference,cuda,float64,16,250,10,0.0018501549493521452,0.001836353912949562,0.0019331378862261772,0.8101031027475987,1295.703125,572.390625,31.994140625,ok
batched_reference_B3,batched_reference,cuda,float32,32,250,10,0.0017696544528007507,0.001752618933096528,0.001855313079431653,0.3471224308013916,1295.703125,572.390625,25.81640625,ok
batched_reference_B3,batched_reference,cuda,float64,32,250,10,0.00177594437263906,0.0017526890151202679,0.0018663890659809113,0.3471227172312239,1295.703125,572.390625,34.658203125,ok
batched_reference_B3,batched_reference,cuda,float32,100,250,10,0.0017712219851091504,0.0017524890135973692,0.0018701441586017609,0.13630414009094238,1296.203125,572.890625,29.87109375,ok
batched_reference_B3,batched_reference,cuda,float64,100,250,10,0.0017771560233086348,0.0017586981412023306,0.0018933790270239115,0.1363040621611047,1296.203125,572.890625,43.48291015625,ok
batched_reference_B3,batched_reference,cuda,float32,1,2000,1,0.01731325639411807,0.01725995703600347,0.017461027018725872,3.1791861057281494,1296.71875,573.40625,459.2353515625,ok
batched_reference_B3,batched_reference,cuda,float64,1,2000,1,0.0447394895600155,0.04459685692563653,0.044896463165059686,3.1791865721755053,1298.71875,575.40625,902.212890625,ok
batched_reference_B3,batched_reference,cuda,float32,4,2000,1,0.017397427116520703,0.017346215900033712,0.01722016790881753,2.0108835697174072,1298.71875,575.40625,460.56396484375,ok
batched_reference_B3,batched_reference,cuda,float64,4,2000,1,0.044819749891757965,0.044609786942601204,0.045270350063219666,2.0108834808222356,1298.71875,575.40625,908.87646484375,ok
batched_reference_B3,batched_reference,cuda,float32,8,2000,1,0.01736676599830389,0.017314789118245244,0.01720662717707455,0.5961565971374512,1298.71875,575.40625,462.3388671875,ok
batched_reference_B3,batched_reference,cuda,float64,8,2000,1,0.04492645338177681,0.0447650880087167,0.0451900907792151,0.59615700629295,1298.71875,575.40625,909.36474609375,ok
batched_reference_B3,batched_reference,cuda,float32,16,2000,1,0.017515101935714483,0.017469899961724877,0.017367978114634752,0.26214122772216797,1298.71875,575.40625,468.30029296875,ok
batched_reference_B3,batched_reference,cuda,float64,16,2000,1,0.04514706158079207,0.04506336199119687,0.045270089991390705,0.2621416636789604,1298.71875,575.40625,920.34716796875,ok
batched_reference_B3,batched_reference,cuda,float32,32,2000,1,0.017926285043358803,0.017869554925709963,0.017741693882271647,0.199249267578125,1298.71875,575.40625,473.06298828125,ok
batched_reference_B3,batched_reference,cuda,float64,32,2000,1,0.04595308157149702,0.04579853708855808,0.04622109606862068,0.1992492387918947,1298.71875,575.40625,932.32421875,ok
batched_reference_B3,batched_reference,cuda,float32,100,2000,1,0.01961117738392204,0.019578829873353243,0.019402477191761136,0.04987907409667969,1298.71875,575.40625,504.1513671875,ok
batched_reference_B3,batched_reference,cuda,float64,100,2000,1,0.04983780055772513,0.04973224317654967,0.050173599971458316,0.04987816012781021,1298.71875,575.40625,992.0458984375,ok
batched_reference_B3,batched_reference,cuda,float32,1,100,768,0.0017478324007242918,0.0017289649695158005,0.0031444020569324493,9.284771919250488,1300.21875,576.90625,19.80322265625,ok
batched_reference_B3,batched_reference,cuda,float64,1,100,768,0.0019517859909683466,0.0019480399787425995,0.0029032619204372168,9.284773073039084,1300.21875,576.90625,23.35302734375,ok
batched_reference_B3,batched_reference,cuda,float32,1,2000,2,0.017357807490043342,0.017334687989205122,0.01723107392899692,5.072088241577148,1300.21875,576.90625,459.2666015625,ok
batched_reference_B3,batched_reference,cuda,float64,1,2000,2,0.051232657046057284,0.05116014904342592,0.05217143497429788,5.072088398158984,1300.21875,576.90625,902.2734375,ok
batched_reference_B3,batched_reference,cuda,float32,4,2000,2,0.01743344613350928,0.017401096876710653,0.01728706806898117,1.958695650100708,1300.21875,576.90625,460.59521484375,ok
batched_reference_B3,batched_reference,cuda,float64,4,2000,2,0.0513020254438743,0.051227969815954566,0.05341998301446438,1.958696401279095,1300.21875,576.90625,908.93701171875,ok
batched_reference_B3,batched_reference,cuda,float32,8,2000,2,0.017452633939683437,0.01740456186234951,0.0172858159057796,0.891420841217041,1300.21875,576.90625,462.3701171875,ok
batched_reference_B3,batched_reference,cuda,float64,8,2000,2,0.05142945458646864,0.05132442410103977,0.052995560923591256,0.8914210732975008,1300.21875,576.90625,909.42529296875,ok
batched_reference_B3,batched_reference,cuda,float32,16,2000,2,0.017608626396395266,0.017556298058480024,0.017449188977479935,0.619964599609375,1300.21875,576.90625,468.33154296875,ok
batched_reference_B3,batched_reference,cuda,float64,16,2000,2,0.05167764949146658,0.051590360002592206,0.05300390301272273,0.619964958317202,1300.21875,576.90625,920.408203125,ok
batched_reference_B3,batched_reference,cuda,float32,32,2000,2,0.017994175432249904,0.017947380198165774,0.017819980857893825,0.2405252456665039,1300.21875,576.90625,473.0947265625,ok
batched_reference_B3,batched_reference,cuda,float64,32,2000,2,0.052493348834104836,0.05236843810416758,0.0537208910100162,0.2405261539345238,1300.21875,576.90625,932.38671875,ok
batched_reference_B3,batched_reference,cuda,float32,4,100,768,0.0017516876105219126,0.0017258988227695227,0.0035450581926852465,2.4715394973754883,1300.21875,576.90625,19.9443359375,ok
batched_reference_B3,batched_reference,cuda,float64,4,100,768,0.001957264030352235,0.001953237922862172,0.004019415006041527,2.471540688891225,1301.25390625,577.94140625,23.6328125,ok
batched_reference_B3,batched_reference,cuda,float32,100,2000,2,0.019637577002868056,0.019613511161878705,0.019440904958173633,0.12234663963317871,1301.25390625,577.94140625,504.18359375,ok
batched_reference_B3,batched_reference,cuda,float64,100,2000,2,0.05669110862072557,0.056583964033052325,0.057496383087709546,0.12234637958886951,1301.25390625,577.94140625,992.11181640625,ok
batched_reference_B3,batched_reference,cuda,float32,8,100,768,0.0017489385791122913,0.0017336409073323011,0.0025146438274532557,1.260292887687683,1301.25390625,577.94140625,20.13427734375,ok
batched_reference_B3,batched_reference,cuda,float64,8,100,768,0.001976597588509321,0.001972947036847472,0.0031246819999068975,1.2602931806696398,1301.25390625,577.94140625,24.013671875,ok
batched_reference_B3,batched_reference,cuda,float32,16,100,768,0.0017454534536227584,0.0017241069581359625,0.0033707190304994583,0.6704694032669067,1301.75390625,578.44140625,20.51806640625,ok
batched_reference_B3,batched_reference,cuda,float64,16,100,768,0.002244472038000822,0.0022395141422748566,0.00341442390345037,0.6704695832803622,1301.75390625,578.44140625,24.78125,ok
batched_reference_B3,batched_reference,cuda,float32,32,100,768,0.0017692995024845004,0.001746470108628273,0.0032392130233347416,0.3822523355484009,1301.75390625,578.44140625,21.30859375,ok
batched_reference_B3,batched_reference,cuda,float64,32,100,768,0.0020738880848512053,0.0020645339973270893,0.005790570983663201,0.3822525207452594,1301.75390625,578.44140625,26.361328125,ok
batched_reference_B3,batched_reference,cuda,float32,100,100,768,0.0017476120265200734,0.0017288438975811005,0.0029954889323562384,0.18331897258758545,1302.75390625,579.44140625,24.990234375,ok
batched_reference_B3,batched_reference,cuda,float64,100,100,768,0.002521264017559588,0.002513132058084011,0.0025736920069903135,0.18331902902984565,1302.75390625,579.44140625,35.60693359375,ok
batched_reference_B3,batched_reference,cuda,float32,1,2000,10,0.017289951909333467,0.017239807173609734,0.017164596123620868,9.074413299560547,1302.75390625,579.44140625,459.5107421875,ok
batched_reference_B3,batched_reference,cuda,float64,1,2000,10,0.05170140496920794,0.051607734989374876,0.05257620709016919,9.074414336702146,1302.75390625,579.44140625,902.76171875,ok
batched_reference_B3,batched_reference,cuda,float32,4,2000,10,0.01738722703885287,0.01734739704988897,0.017257282976061106,2.1751174926757812,1302.75390625,579.44140625,460.83935546875,ok
batched_reference_B3,batched_reference,cuda,float64,4,2000,10,0.051774924038909376,0.05171452392823994,0.052893680054694414,2.1751187650418324,1302.75390625,579.44140625,909.42724609375,ok
batched_reference_B3,batched_reference,cuda,float32,8,2000,10,0.017399749951437116,0.017366986023262143,0.01728835911490023,0.9520785808563232,1302.75390625,579.44140625,462.61474609375,ok
batched_reference_B3,batched_reference,cuda,float64,8,2000,10,0.0518708765739575,0.051781273912638426,0.053218002198264,0.952078803178086,1302.75390625,579.44140625,909.91650390625,ok
batched_reference_B3,batched_reference,cuda,float32,16,2000,10,0.017574480501934886,0.017535388004034758,0.017471661791205406,0.49098730087280273,1302.75390625,579.44140625,468.57861328125,ok
batched_reference_B3,batched_reference,cuda,float64,16,2000,10,0.0521073485724628,0.052046076860278845,0.05334547208622098,0.4909870404478076,1302.75390625,579.44140625,920.90234375,ok
batched_reference_B3,batched_reference,cuda,float32,32,2000,10,0.01794463663827628,0.017890666145831347,0.017840041080489755,0.2595078945159912,1302.75390625,579.44140625,473.3447265625,ok
batched_reference_B3,batched_reference,cuda,float64,32,2000,10,0.05293261248152703,0.05283604306168854,0.05448028212413192,0.25950811168838905,1302.75390625,579.44140625,932.88671875,ok
batched_reference_B3,batched_reference,cuda,float32,100,2000,10,0.01958088797982782,0.019536356907337904,0.019409616943448782,0.09820413589477539,1302.75390625,579.44140625,504.447265625,ok
batched_reference_B3,batched_reference,cuda,float64,100,2000,10,0.05717792804352939,0.057055076118558645,0.05877202097326517,0.09820344307535622,1302.75390625,579.44140625,992.63720703125,ok
batched_reference_B3,batched_reference,cuda,float32,1,250,768,0.0017557290848344564,0.0017330599948763847,0.0033563871402293444,9.325418472290039,1303.25390625,579.94140625,27.36572265625,ok
batched_reference_B3,batched_reference,cuda,float64,1,250,768,0.004154365509748459,0.004145531915128231,0.004191820975393057,9.32542056606015,1303.75390625,580.44140625,40.328125,ok
batched_reference_B3,batched_reference,cuda,float32,4,250,768,0.0017655283445492387,0.0017421729862689972,0.002271662000566721,2.401482582092285,1303.75390625,580.44140625,27.47119140625,ok
batched_reference_B3,batched_reference,cuda,float64,4,250,768,0.004138220567256212,0.004133723909035325,0.004159813979640603,2.40148356521499,1303.75390625,580.44140625,40.80029296875,ok
batched_reference_B3,batched_reference,cuda,float32,8,250,768,0.0017680524615570903,0.0017412621527910233,0.0028450859244912863,1.191786766052246,1303.75390625,580.44140625,27.6728515625,ok
batched_reference_B3,batched_reference,cuda,float64,8,250,768,0.005613082437776029,0.005607557948678732,0.005626057041808963,1.1917869482322623,1304.71875,581.40625,40.40625,ok
batched_reference_B3,batched_reference,cuda,float32,16,250,768,0.001766129513271153,0.0017509669996798038,0.002687141066417098,0.6204662322998047,1304.71875,581.40625,28.19140625,ok
batched_reference_B3,batched_reference,cuda,float64,16,250,768,0.005635285517200828,0.00562714715488255,0.0056402781046926975,0.6204660227209249,1304.71875,581.40625,41.84814453125,ok
batched_reference_B3,batched_reference,cuda,float32,32,250,768,0.001773865893483162,0.001758278114721179,0.0024975889828056097,0.3258746862411499,1304.71875,581.40625,29.26123046875,ok
batched_reference_B3,batched_reference,cuda,float64,32,250,768,0.005815368029288948,0.005806454923003912,0.005835328018292785,0.32587429197280593,1304.71875,581.40625,42.890625,ok
batched_reference_B3,batched_reference,cuda,float32,100,250,768,0.0017774264561012387,0.001757706981152296,0.002127076033502817,0.13227105140686035,1305.71875,582.40625,35.35400390625,ok
batched_reference_B3,batched_reference,cuda,float64,100,250,768,0.007023757556453347,0.007016025949269533,0.00726835080422461,0.13227099347051374,1305.71875,582.40625,53.26220703125,ok
batched_reference_B3,batched_reference,cuda,float32,1,2000,768,0.02211181598249823,0.02203753008507192,0.02165771392174065,9.251164436340332,1328.83203125,605.51953125,482.65869140625,ok
batched_reference_B3,batched_reference,cuda,float64,1,2000,768,0.18747277511283755,0.18744367198087275,0.1898017020430416,9.251166209536374,1329.12890625,605.81640625,949.5517578125,ok
batched_reference_B3,batched_reference,cuda,float32,4,2000,768,0.022110934602096677,0.022043920122087002,0.021677082870155573,2.274557590484619,1329.12890625,605.81640625,484.0400390625,ok
batched_reference_B3,batched_reference,cuda,float64,4,2000,768,0.18762485077604651,0.18755621812306345,0.18995451903901994,2.2745593912247046,1329.12890625,605.81640625,956.15869140625,ok
batched_reference_B3,batched_reference,cuda,float32,8,2000,768,0.02217442844994366,0.022094405023381114,0.021862899884581566,1.1504631042480469,1329.12890625,605.81640625,485.88525390625,ok
batched_reference_B3,batched_reference,cuda,float64,8,2000,768,0.18768261605873704,0.18759187194518745,0.18979257787577808,1.1504641668783275,1329.12890625,605.81640625,956.57177734375,ok
batched_reference_B3,batched_reference,cuda,float32,16,2000,768,0.02231293497607112,0.022251387825235724,0.021853135898709297,0.5845611095428467,1329.12890625,605.81640625,491.9873046875,ok
batched_reference_B3,batched_reference,cuda,float64,16,2000,768,0.18803383992053568,0.18799689412117004,0.19021925306878984,0.5845623362901362,1329.12890625,605.81640625,967.75244140625,ok
batched_reference_B3,batched_reference,cuda,float32,32,2000,768,0.022757126367650926,0.022700206143781543,0.022310866974294186,0.3011493682861328,1329.12890625,605.81640625,497.03125,ok
batched_reference_B3,batched_reference,cuda,float64,32,2000,768,0.18984023900702596,0.18974451604299247,0.19200648390688002,0.3011499518306162,1329.12890625,605.81640625,980.2919921875,ok
batched_reference_B3,batched_reference,cuda,float32,100,2000,768,0.02492549957241863,0.024849275825545192,0.024550200905650854,0.09717810153961182,1329.12890625,605.81640625,529.3125,ok
batched_reference_B3,batched_reference,cuda,float64,100,2000,768,0.2035891879349947,0.20353358495049179,0.20591662311926484,0.09717777683303397,1329.12890625,605.81640625,1043.06640625,ok
